Workbook

Sheet Ejecutivos
A1: Rut | B1: Nombre completo | C1: Supervisor | D1: Equipo | E1: Cargo | F1: Fecha ingreso | G1: Jornada | H1: Estado | I1: Correo | J1: Teléfono | K1: Observaciones
A2: 26612947-5 | B2: ALEJANDRA CHACON | C2: LUZ GARCIA | D2: Equipo A | E2: Ejecutivo | F2: 45785 | G2: Full time | H2: Activo | I2: ok
A3: 13093458-7 | B3: ALEJANDRA ORELLANA | C3: LUZ GARCIA | D3: Equipo A | E3: Ejecutivo | F3: 45390 | G3: Full time | H3: Activo | I3: ok
A4: 13336644-k | B4: ANA ASTORGA | C4: LUZ GARCIA | D4: Equipo A | E4: Ejecutivo | F4: 18/03/2026 | G4: Full time | H4: Activo | I4: ok
A5: 19060841-7 | B5: ATALY GARCIA | C5: LUZ GARCIA | D5: Equipo A | E5: Ejecutivo | F5: 45819 | G5: Full time | H5: Activo | I5: ok
A6: 18696966-9 | B6: CATHERINE AEDO | C6: LUZ GARCIA | D6: Equipo A | E6: Ejecutivo | F6: 46120 | G6: Full time | H6: Activo | I6: ok
A7: 18637622-6 | B7: DANIELA RODRIGUEZ | C7: LUZ GARCIA | D7: Equipo A | E7: Ejecutivo | F7: 45642 | G7: Full time | H7: Activo
A8: 14364155-4 | B8: ELSA GONGORA | C8: LUZ GARCIA | D8: Equipo A | E8: Ejecutivo | F8: 45229 | G8: Full time | H8: Activo | I8: ok
A9: 16117577-3 | B9: JOHANA LLANCAPICHUN | C9: LUZ GARCIA | D9: Equipo A | E9: Ejecutivo | F9: 45819 | G9: Full time | H9: Activo | I9: ok
A10: 13026344-5 | B10: KATIA HALD | C10: LUZ GARCIA | D10: Equipo A | E10: Ejecutivo | F10: 45355 | G10: Full time | H10: Activo | I10: ok
A11: 13638765-0 | B11: MANUEL MONSALVE | C11: LUZ GARCIA | D11: Equipo A | E11: Ejecutivo | F11: 45558 | G11: Full time | H11: Activo | I11: ok
A12: 13337549-K | B12: MANUELA ASTUDILLO | C12: LUZ GARCIA | D12: Equipo A | E12: Ejecutivo | F12: 45819 | G12: Full time | H12: Activo
A13: 10446967-1 | B13: MARIA LORETO VELASQUEZ | C13: LUZ GARCIA | D13: Equipo A | E13: Ejecutivo | F13: 16/11/2021 | G13: Full time | H13: Activo
A14: 18123009-6 | B14: MAXIMILIANO OLIVARES | C14: LUZ GARCIA | D14: Equipo A | E14: Ejecutivo | F14: 45455 | G14: Full time | H14: Activo | I14: ok
A15: 19421111-2 | B15: MELISSA SALGADO | C15: LUZ GARCIA | D15: Equipo A | E15: Ejecutivo | F15: 45819 | G15: Full time | H15: Activo | I15: ok
A16: 27105214-6 | B16: NANCI MENDEZ | C16: LUZ GARCIA | D16: Equipo A | E16: Ejecutivo | F16: 27/05/2025 | G16: Full time | H16: Activo | I16: ok
A17: 20828148-8 | B17: TOMAS MAULEN | C17: LUZ GARCIA | D17: Equipo A | E17: Ejecutivo | F17: 46120 | G17: Full time | H17: Activo | I17: ok

Sheet Turno
A1: N° | B1: Nombre | C1: 3 | D1: 4 | E1: 5 | F1: 6 | G1: 7 | H1: 10 | I1: 11 | J1: 12 | K1: 13 | L1: 14 | M1: 17 | N1: 18 | O1: 19 | P1: 20 | Q1: 21 | R1: 24 | S1: 25 | T1: 26 | U1: 27 | V1: 28
C2: L | D2: M | E2: MI | F2: J | G2: V | H2: L | I2: M | J2: MI | K2: J | L2: V | M2: L | N2: M | O2: MI | P2: J | Q2: V | R2: L | S2: M | T2: MI | U2: J | V2: V
A3: 1 | B3: =IFERROR(INDEX(Ejecutivos!$B$2:$B$100,1),"") -> ALEJANDRA CHACON | C3: A | D3: A | E3: A | F3: B | G3: C | H3: A | I3: A | J3: D | K3: C | L3: A | M3: C | N3: A | O3: A | P3: A | Q3: B | R3: A | S3: B | T3: C | U3: A | V3: A
A4: 2 | B4: =IFERROR(INDEX(Ejecutivos!$B$2:$B$100,2),"") -> ALEJANDRA ORELLANA | C4: A | D4: D | E4: A | F4: A | G4: C | H4: A | I4: C | J4: B | K4: A | L4: A | M4: A | N4: A | O4: A | P4: C | Q4: B | R4: A | S4: C | T4: A | U4: D | V4: A
A5: 3 | B5: =IFERROR(INDEX(Ejecutivos!$B$2:$B$100,3),"") -> ANA ASTORGA | C5: A | D5: C | E5: B | F5: A | G5: A | H5: A | I5: A | J5: A | K5: B | L5: V | M5: C | N5: A | O5: A | P5: A | Q5: D | R5: B | S5: A | T5: A | U5: C | V5: A
A6: 4 | B6: =IFERROR(INDEX(Ejecutivos!$B$2:$B$100,4),"") -> ATALY GARCIA | C6: A | D6: C | E6: A | F6: D | G6: A | H6: B | I6: A | J6: A | K6: A | L6: C | M6: A | N6: C | O6: B | P6: A | Q6: A | R6: A | S6: A | T6: A | U6: C | V6: B
A7: 5 | B7: =IFERROR(INDEX(Ejecutivos!$B$2:$B$100,5),"") -> CATHERINE AEDO | C7: A | D7: C | E7: B | F7: A | G7: A | H7: A | I7: A | J7: A | K7: C | L7: B | M7: A | N7: C | O7: A | P7: D | Q7: A | R7: B | S7: A | T7: A | U7: A | V7: C
A8: 6 | B8: =IFERROR(INDEX(Ejecutivos!$B$2:$B$100,6),"") -> DANIELA RODRIGUEZ | C8: C | D8: A | E8: A | F8: A | G8: B | H8: A | I8: B | J8: C | K8: A | L8: A | M8: A | N8: A | O8: A | P8: B | Q8: C | R8: A | S8: A | T8: D | U8: C | V8: A
A9: 7 | B9: =IFERROR(INDEX(Ejecutivos!$B$2:$B$100,7),"") -> ELSA GONGORA | C9: A | D9: A | E9: D | F9: C | G9: A | H9: C | I9: A | J9: A | K9: A | L9: B | M9: A | N9: B | O9: C | P9: A | Q9: A | R9: A | S9: A | T9: A | U9: B | V9: C
A10: 8 | B10: =IFERROR(INDEX(Ejecutivos!$B$2:$B$100,8),"") -> JOHANA LLANCAPICHUN | C10: A | D10: A | E10: A | F10: B | G10: C | H10: A | I10: D | J10: C | K10: A | L10: A | M10: A | N10: A | O10: A | P10: B | Q10: V | R10: A | S10: B | T10: C | U10: A | V10: A
A11: 9 | B11: =IFERROR(INDEX(Ejecutivos!$B$2:$B$100,9),"") -> KATIA HALD | C11: A | D11: A | E11: A | F11: B | G11: C | H11: A | I11: B | J11: C | K11: A | L11: A | M11: A | N11: A | O11: A | P11: B | Q11: C | R11: A | S11: D | T11: C | U11: A | V11: A
A12: 10 | B12: =IFERROR(INDEX(Ejecutivos!$B$2:$B$100,10),"") -> MANUEL MONSALVE | C12: A | D12: A | E12: A | F12: C | G12: B | H12: C | I12: A | J12: A | K12: A | L12: D | M12: B | N12: A | O12: A | P12: C | Q12: A | R12: A | S12: C | T12: B | U12: A | V12: A
A13: 11 | B13: =IFERROR(INDEX(Ejecutivos!$B$2:$B$100,11),"") -> MANUELA ASTUDILLO | C13: A | D13: A | E13: A | F13: C | G13: B | H13: A | I13: C | J13: A | K13: D | L13: A | M13: B | N13: A | O13: A | P13: A | Q13: C | R13: A | S13: C | T13: B | U13: A | V13: A
A14: 12 | B14: =IFERROR(INDEX(Ejecutivos!$B$2:$B$100,12),"") -> MARIA LORETO VELASQUEZ | C14: C | D14: A | E14: A | F14: A | G14: D | H14: B | I14: A | J14: A | K14: C | L14: A | M14: A | N14: C | O14: B | P14: A | Q14: A | R14: A | S14: A | T14: A | U14: C | V14: B
A15: 13 | B15: =IFERROR(INDEX(Ejecutivos!$B$2:$B$100,13),"") -> MAXIMILIANO OLIVARES | C15: C | D15: A | E15: A | F15: A | G15: D | H15: B | I15: A | J15: A | K15: C | L15: A | M15: A | N15: C | O15: B | P15: A | Q15: A | R15: A | S15: A | T15: A | U15: C | V15: B
A16: 14 | B16: =IFERROR(INDEX(Ejecutivos!$B$2:$B$100,14),"") -> MELISSA SALGADO | C16: B | D16: A | E16: A | F16: C | G16: A | H16: A | I16: C | J16: B | K16: A | L16: A | M16: A | N16: A | O16: A | P16: C | Q16: B | R16: C | S16: A | T16: A | U16: A | V16: D
A17: 15 | B17: =IFERROR(INDEX(Ejecutivos!$B$2:$B$100,15),"") -> NANCI MENDEZ | C17: B | D17: A | E17: C | F17: A | G17: A | H17: A | I17: A | J17: A | K17: B | L17: C | M17: A | N17: B | O17: C | P17: A | Q17: A | R17: A | S17: A | T17: A | U17: B | V17: C
A18: 16 | B18: =IFERROR(INDEX(Ejecutivos!$B$2:$B$100,16),"") -> TOMAS MAULEN | C18: A | D18: B | E18: C | F18: A | G18: A | H18: A | I18: A | J18: A | K18: B | L18: C | M18: A | N18: D | O18: C | P18: A | Q18: A | R18: A | S18: A | T18: A | U18: B | V18: C
A19: 17 | B19: =IFERROR(INDEX(Ejecutivos!$B$2:$B$100,17),"") -> 0 | C19: A | D19: B | E19: C | F19: A | G19: A | H19: A | I19: A | J19: A | K19: B | L19: C | M19: A | N19: A | O19: D | P19: C | Q19: A | R19: C | S19: A | T19: A | U19: A | V19: B
A20: 18 | B20: =IFERROR(INDEX(Ejecutivos!$B$2:$B$100,18),"") -> 0
A21: 19 | B21: =IFERROR(INDEX(Ejecutivos!$B$2:$B$100,19),"") -> 0
A22: 20 | B22: =IFERROR(INDEX(Ejecutivos!$B$2:$B$100,20),"") -> 0
A23: 21 | B23: =IFERROR(INDEX(Ejecutivos!$B$2:$B$100,21),"") -> 0
A24: 22 | B24: =IFERROR(INDEX(Ejecutivos!$B$2:$B$100,22),"") -> 0
A25: 23 | B25: =IFERROR(INDEX(Ejecutivos!$B$2:$B$100,23),"") -> 0
A26: 24 | B26: =IFERROR(INDEX(Ejecutivos!$B$2:$B$100,24),"") -> 0
A27: 25 | B27: =IFERROR(INDEX(Ejecutivos!$B$2:$B$100,25),"") -> 0
A28: 26 | B28: =IFERROR(INDEX(Ejecutivos!$B$2:$B$100,26),"") -> 0
A29: 27 | B29: =IFERROR(INDEX(Ejecutivos!$B$2:$B$100,27),"") -> 0
A30: 28 | B30: =IFERROR(INDEX(Ejecutivos!$B$2:$B$100,28),"") -> 0
A31: 29 | B31: =IFERROR(INDEX(Ejecutivos!$B$2:$B$100,29),"") -> 0
A32: 30 | B32: =IFERROR(INDEX(Ejecutivos!$B$2:$B$100,30),"") -> 0

Sheet Config
B2: Parámetros del sistema
B4: Metas de desempeño
B5: Indicador | C5: Meta
B6: Contactabilidad | C6: 0.85
B7: Calidad (puntaje /100) | C7: 95
B8: EPA (ver bloque Metas EPA) | C8: 95
B9: Adherencia | C9: 0.92
B10: TMO meta (segundos) | C10: 300
B13: Turnos
B14: Turno | C14: Hora inicio programada | D14: Hora término programada | E14: Duración colación (min) | F14: Hrs. Netas | G14: Descripción
B15: A | C15: 0.35416667 | D15: 0.77083333 | E15: 60 | F15: 9,0 | G15: Jornada larga mañana
B16: B | C16: 0.35416667 | D16: 0.72916667 | E16: 60 | F16: 8,0 | G16: Jornada estándar mañana
B17: C | C17: 0.35416667 | D17: 0.6875 | E17: 60 | F17: 7,0 | G17: Jornada corta mañana
B18: D | C18: 0.39583333 | D18: 0.77083333 | E18: 60 | F18: 8,0 | G18: Jornada tarde
B20: Metas EPA
B21: Indicador | C21: Meta
B22: EPA 1 SNL | C22: 0.95
B23: EPA 2 SNL | C23: 0.9
B24: EPA 1 EP | C24: 0.95
B25: EPA 2 EP | C25: 0.9
B28: Otras metas
B29: Indicador | C29: Meta
B30: Tipificaciones | C30: 0.95
B31: Outbound - % Contacto | C31: 0.85
B32: Transferencia EPA | C32: 0.85

Sheet Asistencia
A1: Fecha | B1: Rut | C1: Nombre | D1: Hora ingreso | E1: Hora salida | F1: Inicio comida | G1: Fin comida | H1: Descanso 1 (min) | I1: Descanso 2 (min) | J1: Baño | K1: Baño (veces) | L1: Capacitación (min) | M1: Tiempo efectivo (hrs) | N1: Minutos de atraso | O1: Minutos de colación | P1: Tiempo total descanso (min) | Q1: Desviación del turno (min) | R1: Estado | S1: Turno del día | T1: Salida anticipada (min) | U1: Adherencia (%) | V1: Observaciones
A2: 46237 | B2: 26612947-5 | C2: =IFERROR(INDEX(Ejecutivos!$B$2:$B$100,MATCH(B2,Ejecutivos!$A$2:$A$100,0)),"") -> ALEJANDRA CHACON | D2: 08:41 | E2: 18:30 | F2: 14:02 | G2: 15:02 | H2: 17 | I2: 16 | J2: 22 | K2: 3 | L2: 0 | M2: =IF(OR(D2="",E2=""),"",ROUND(((E2-D2)*24)-((G2-F2)*24)-((H2+I2)/60),2)) -> 8.27 | N2: =IF(OR($D2="",$S2=""),"",IFERROR(MAX(0,ROUND(($D2-INDEX(Config!$C$15:$C$18,MATCH($S2,Config!$B$15:$B$18,0)))*24*60,0)),"")) -> 11 | O2: =IF(OR(F2="",G2=""),"",ROUND((G2-F2)*24*60,0)) -> 60 | P2: =IF(O2="","",O2+H2+I2) -> 93 | Q2: =IF(OR($P2="",$S2=""),"",IFERROR($P2-INDEX(Config!$E$15:$E$18,MATCH($S2,Config!$B$15:$B$18,0)),"")) -> 33 | R2: =IF($A2="","",IF($D2="","Ausente",IF($N2="","",IF($N2>0,"Atrasado","Puntual")))) -> Atrasado | S2: =IF(OR($A2="",$C2=""),"",IFERROR(INDEX(Turno!$C$3:$V$32,MATCH($C2,Turno!$B$3:$B$32,0),MATCH(DAY($A2),Turno!$C$1:$V$1,0)),"")) -> A | T2: =IF(OR($E2="",$S2=""),"",IFERROR(MAX(0,ROUND((INDEX(Config!$D$15:$D$18,MATCH($S2,Config!$B$15:$B$18,0))-$E2)*1440,0)),"")) -> 0 | U2: =IF(OR($N2="",$T2=""),"",IFERROR(MAX(0,1-($N2+$T2+MAX(0,N($Q2)))/ROUND((INDEX(Config!$D$15:$D$18,MATCH($S2,Config!$B$15:$B$18,0))-INDEX(Config!$C$15:$C$18,MATCH($S2,Config!$B$15:$B$18,0)))*1440,0)),"")) -> 0.92666667
A3: 46237 | B3: 13093458-7 | C3: =IFERROR(INDEX(Ejecutivos!$B$2:$B$100,MATCH(B3,Ejecutivos!$A$2:$A$100,0)),"") -> ALEJANDRA ORELLANA | D3: 08:30 | E3: 17:30 | F3: 0 | G3: 0 | H3: 15 | I3: 8 | J3: 2 | K3: 1 | L3: 0 | M3: =IF(OR(D3="",E3=""),"",ROUND(((E3-D3)*24)-((G3-F3)*24)-((H3+I3)/60),2)) -> 8.62 | N3: =IF(OR($D3="",$S3=""),"",IFERROR(MAX(0,ROUND(($D3-INDEX(Config!$C$15:$C$18,MATCH($S3,Config!$B$15:$B$18,0)))*24*60,0)),"")) -> 0 | O3: =IF(OR(F3="",G3=""),"",ROUND((G3-F3)*24*60,0)) -> 0 | P3: =IF(O3="","",O3+H3+I3) -> 23 | Q3: =IF(OR($P3="",$S3=""),"",IFERROR($P3-INDEX(Config!$E$15:$E$18,MATCH($S3,Config!$B$15:$B$18,0)),"")) -> -37 | R3: =IF($A3="","",IF($D3="","Ausente",IF($N3="","",IF($N3>0,"Atrasado","Puntual")))) -> Puntual | S3: =IF(OR($A3="",$C3=""),"",IFERROR(INDEX(Turno!$C$3:$V$32,MATCH($C3,Turno!$B$3:$B$32,0),MATCH(DAY($A3),Turno!$C$1:$V$1,0)),"")) -> A | T3: =IF(OR($E3="",$S3=""),"",IFERROR(MAX(0,ROUND((INDEX(Config!$D$15:$D$18,MATCH($S3,Config!$B$15:$B$18,0))-$E3)*1440,0)),"")) -> 60 | U3: =IF(OR($N3="",$T3=""),"",IFERROR(MAX(0,1-($N3+$T3+MAX(0,N($Q3)))/ROUND((INDEX(Config!$D$15:$D$18,MATCH($S3,Config!$B$15:$B$18,0))-INDEX(Config!$C$15:$C$18,MATCH($S3,Config!$B$15:$B$18,0)))*1440,0)),"")) -> 0.9
A4: 46237 | B4: 19060841-7 | C4: =IFERROR(INDEX(Ejecutivos!$B$2:$B$100,MATCH(B4,Ejecutivos!$A$2:$A$100,0)),"") -> ATALY GARCIA | D4: 08:28 | E4: 18:10 | F4: 13:04 | G4: 13:34 | H4: 15 | I4: 15 | J4: 23 | K4: 3 | L4: 0 | M4: =IF(OR(D4="",E4=""),"",ROUND(((E4-D4)*24)-((G4-F4)*24)-((H4+I4)/60),2)) -> 8.7 | N4: =IF(OR($D4="",$S4=""),"",IFERROR(MAX(0,ROUND(($D4-INDEX(Config!$C$15:$C$18,MATCH($S4,Config!$B$15:$B$18,0)))*24*60,0)),"")) -> 0 | O4: =IF(OR(F4="",G4=""),"",ROUND((G4-F4)*24*60,0)) -> 30 | P4: =IF(O4="","",O4+H4+I4) -> 60 | Q4: =IF(OR($P4="",$S4=""),"",IFERROR($P4-INDEX(Config!$E$15:$E$18,MATCH($S4,Config!$B$15:$B$18,0)),"")) -> 0 | R4: =IF($A4="","",IF($D4="","Ausente",IF($N4="","",IF($N4>0,"Atrasado","Puntual")))) -> Puntual | S4: =IF(OR($A4="",$C4=""),"",IFERROR(INDEX(Turno!$C$3:$V$32,MATCH($C4,Turno!$B$3:$B$32,0),MATCH(DAY($A4),Turno!$C$1:$V$1,0)),"")) -> A | T4: =IF(OR($E4="",$S4=""),"",IFERROR(MAX(0,ROUND((INDEX(Config!$D$15:$D$18,MATCH($S4,Config!$B$15:$B$18,0))-$E4)*1440,0)),"")) -> 20 | U4: =IF(OR($N4="",$T4=""),"",IFERROR(MAX(0,1-($N4+$T4+MAX(0,N($Q4)))/ROUND((INDEX(Config!$D$15:$D$18,MATCH($S4,Config!$B$15:$B$18,0))-INDEX(Config!$C$15:$C$18,MATCH($S4,Config!$B$15:$B$18,0)))*1440,0)),"")) -> 0.96666667
A5: 46237 | B5: 18696966-9 | C5: =IFERROR(INDEX(Ejecutivos!$B$2:$B$100,MATCH(B5,Ejecutivos!$A$2:$A$100,0)),"") -> CATHERINE AEDO | D5: 08:10 | E5: 18:39 | F5: 13:44 | G5: 14:47 | H5: 17 | I5: 19 | J5: 41 | K5: 5 | L5: 0 | M5: =IF(OR(D5="",E5=""),"",ROUND(((E5-D5)*24)-((G5-F5)*24)-((H5+I5)/60),2)) -> 8.83 | N5: =IF(OR($D5="",$S5=""),"",IFERROR(MAX(0,ROUND(($D5-INDEX(Config!$C$15:$C$18,MATCH($S5,Config!$B$15:$B$18,0)))*24*60,0)),"")) -> 0 | O5: =IF(OR(F5="",G5=""),"",ROUND((G5-F5)*24*60,0)) -> 63 | P5: =IF(O5="","",O5+H5+I5) -> 99 | Q5: =IF(OR($P5="",$S5=""),"",IFERROR($P5-INDEX(Config!$E$15:$E$18,MATCH($S5,Config!$B$15:$B$18,0)),"")) -> 39 | R5: =IF($A5="","",IF($D5="","Ausente",IF($N5="","",IF($N5>0,"Atrasado","Puntual")))) -> Puntual | S5: =IF(OR($A5="",$C5=""),"",IFERROR(INDEX(Turno!$C$3:$V$32,MATCH($C5,Turno!$B$3:$B$32,0),MATCH(DAY($A5),Turno!$C$1:$V$1,0)),"")) -> A | T5: =IF(OR($E5="",$S5=""),"",IFERROR(MAX(0,ROUND((INDEX(Config!$D$15:$D$18,MATCH($S5,Config!$B$15:$B$18,0))-$E5)*1440,0)),"")) -> 0 | U5: =IF(OR($N5="",$T5=""),"",IFERROR(MAX(0,1-($N5+$T5+MAX(0,N($Q5)))/ROUND((INDEX(Config!$D$15:$D$18,MATCH($S5,Config!$B$15:$B$18,0))-INDEX(Config!$C$15:$C$18,MATCH($S5,Config!$B$15:$B$18,0)))*1440,0)),"")) -> 0.935
A6: 46237 | B6: 18637622-6 | C6: =IFERROR(INDEX(Ejecutivos!$B$2:$B$100,MATCH(B6,Ejecutivos!$A$2:$A$100,0)),"") -> DANIELA RODRIGUEZ | D6: 08:31 | E6: 18:31 | F6: 15:06 | G6: 15:33 | H6: 16 | I6: 16 | J6: 21 | K6: 4 | L6: 0 | M6: =IF(OR(D6="",E6=""),"",ROUND(((E6-D6)*24)-((G6-F6)*24)-((H6+I6)/60),2)) -> 9.02 | N6: =IF(OR($D6="",$S6=""),"",IFERROR(MAX(0,ROUND(($D6-INDEX(Config!$C$15:$C$18,MATCH($S6,Config!$B$15:$B$18,0)))*24*60,0)),"")) -> 1 | O6: =IF(OR(F6="",G6=""),"",ROUND((G6-F6)*24*60,0)) -> 27 | P6: =IF(O6="","",O6+H6+I6) -> 59 | Q6: =IF(OR($P6="",$S6=""),"",IFERROR($P6-INDEX(Config!$E$15:$E$18,MATCH($S6,Config!$B$15:$B$18,0)),"")) -> -1 | R6: =IF($A6="","",IF($D6="","Ausente",IF($N6="","",IF($N6>0,"Atrasado","Puntual")))) -> Atrasado | S6: =IF(OR($A6="",$C6=""),"",IFERROR(INDEX(Turno!$C$3:$V$32,MATCH($C6,Turno!$B$3:$B$32,0),MATCH(DAY($A6),Turno!$C$1:$V$1,0)),"")) -> C | T6: =IF(OR($E6="",$S6=""),"",IFERROR(MAX(0,ROUND((INDEX(Config!$D$15:$D$18,MATCH($S6,Config!$B$15:$B$18,0))-$E6)*1440,0)),"")) -> 0 | U6: =IF(OR($N6="",$T6=""),"",IFERROR(MAX(0,1-($N6+$T6+MAX(0,N($Q6)))/ROUND((INDEX(Config!$D$15:$D$18,MATCH($S6,Config!$B$15:$B$18,0))-INDEX(Config!$C$15:$C$18,MATCH($S6,Config!$B$15:$B$18,0)))*1440,0)),"")) -> 0.99791667
A7: 46237 | B7: 14364155-4 | C7: =IFERROR(INDEX(Ejecutivos!$B$2:$B$100,MATCH(B7,Ejecutivos!$A$2:$A$100,0)),"") -> ELSA GONGORA | D7: 08:30 | E7: 18:31 | F7: 13:05 | G7: 14:05 | H7: 15 | I7: 15 | J7: 11 | K7: 3 | L7: 0 | M7: =IF(OR(D7="",E7=""),"",ROUND(((E7-D7)*24)-((G7-F7)*24)-((H7+I7)/60),2)) -> 8.52 | N7: =IF(OR($D7="",$S7=""),"",IFERROR(MAX(0,ROUND(($D7-INDEX(Config!$C$15:$C$18,MATCH($S7,Config!$B$15:$B$18,0)))*24*60,0)),"")) -> 0 | O7: =IF(OR(F7="",G7=""),"",ROUND((G7-F7)*24*60,0)) -> 60 | P7: =IF(O7="","",O7+H7+I7) -> 90 | Q7: =IF(OR($P7="",$S7=""),"",IFERROR($P7-INDEX(Config!$E$15:$E$18,MATCH($S7,Config!$B$15:$B$18,0)),"")) -> 30 | R7: =IF($A7="","",IF($D7="","Ausente",IF($N7="","",IF($N7>0,"Atrasado","Puntual")))) -> Puntual | S7: =IF(OR($A7="",$C7=""),"",IFERROR(INDEX(Turno!$C$3:$V$32,MATCH($C7,Turno!$B$3:$B$32,0),MATCH(DAY($A7),Turno!$C$1:$V$1,0)),"")) -> A | T7: =IF(OR($E7="",$S7=""),"",IFERROR(MAX(0,ROUND((INDEX(Config!$D$15:$D$18,MATCH($S7,Config!$B$15:$B$18,0))-$E7)*1440,0)),"")) -> 0 | U7: =IF(OR($N7="",$T7=""),"",IFERROR(MAX(0,1-($N7+$T7+MAX(0,N($Q7)))/ROUND((INDEX(Config!$D$15:$D$18,MATCH($S7,Config!$B$15:$B$18,0))-INDEX(Config!$C$15:$C$18,MATCH($S7,Config!$B$15:$B$18,0)))*1440,0)),"")) -> 0.95
A8: 46237 | B8: 16117577-3 | C8: =IFERROR(INDEX(Ejecutivos!$B$2:$B$100,MATCH(B8,Ejecutivos!$A$2:$A$100,0)),"") -> JOHANA LLANCAPICHUN | D8: 08:30 | E8: 18:40 | F8: 14:54 | G8: 15:00 | H8: 15 | I8: 15 | J8: 6 | K8: 1 | L8: 0 | M8: =IF(OR(D8="",E8=""),"",ROUND(((E8-D8)*24)-((G8-F8)*24)-((H8+I8)/60),2)) -> 9.57 | N8: =IF(OR($D8="",$S8=""),"",IFERROR(MAX(0,ROUND(($D8-INDEX(Config!$C$15:$C$18,MATCH($S8,Config!$B$15:$B$18,0)))*24*60,0)),"")) -> 0 | O8: =IF(OR(F8="",G8=""),"",ROUND((G8-F8)*24*60,0)) -> 6 | P8: =IF(O8="","",O8+H8+I8) -> 36 | Q8: =IF(OR($P8="",$S8=""),"",IFERROR($P8-INDEX(Config!$E$15:$E$18,MATCH($S8,Config!$B$15:$B$18,0)),"")) -> -24 | R8: =IF($A8="","",IF($D8="","Ausente",IF($N8="","",IF($N8>0,"Atrasado","Puntual")))) -> Puntual | S8: =IF(OR($A8="",$C8=""),"",IFERROR(INDEX(Turno!$C$3:$V$32,MATCH($C8,Turno!$B$3:$B$32,0),MATCH(DAY($A8),Turno!$C$1:$V$1,0)),"")) -> A | T8: =IF(OR($E8="",$S8=""),"",IFERROR(MAX(0,ROUND((INDEX(Config!$D$15:$D$18,MATCH($S8,Config!$B$15:$B$18,0))-$E8)*1440,0)),"")) -> 0 | U8: =IF(OR($N8="",$T8=""),"",IFERROR(MAX(0,1-($N8+$T8+MAX(0,N($Q8)))/ROUND((INDEX(Config!$D$15:$D$18,MATCH($S8,Config!$B$15:$B$18,0))-INDEX(Config!$C$15:$C$18,MATCH($S8,Config!$B$15:$B$18,0)))*1440,0)),"")) -> 1
A9: 46237 | B9: 13026344-5 | C9: =IFERROR(INDEX(Ejecutivos!$B$2:$B$100,MATCH(B9,Ejecutivos!$A$2:$A$100,0)),"") -> KATIA HALD | D9: 08:30 | E9: 18:37 | F9: 15:32 | G9: 16:32 | H9: 18 | I9: 16 | J9: 10 | K9: 1 | L9: 0 | M9: =IF(OR(D9="",E9=""),"",ROUND(((E9-D9)*24)-((G9-F9)*24)-((H9+I9)/60),2)) -> 8.55 | N9: =IF(OR($D9="",$S9=""),"",IFERROR(MAX(0,ROUND(($D9-INDEX(Config!$C$15:$C$18,MATCH($S9,Config!$B$15:$B$18,0)))*24*60,0)),"")) -> 0 | O9: =IF(OR(F9="",G9=""),"",ROUND((G9-F9)*24*60,0)) -> 60 | P9: =IF(O9="","",O9+H9+I9) -> 94 | Q9: =IF(OR($P9="",$S9=""),"",IFERROR($P9-INDEX(Config!$E$15:$E$18,MATCH($S9,Config!$B$15:$B$18,0)),"")) -> 34 | R9: =IF($A9="","",IF($D9="","Ausente",IF($N9="","",IF($N9>0,"Atrasado","Puntual")))) -> Puntual | S9: =IF(OR($A9="",$C9=""),"",IFERROR(INDEX(Turno!$C$3:$V$32,MATCH($C9,Turno!$B$3:$B$32,0),MATCH(DAY($A9),Turno!$C$1:$V$1,0)),"")) -> A | T9: =IF(OR($E9="",$S9=""),"",IFERROR(MAX(0,ROUND((INDEX(Config!$D$15:$D$18,MATCH($S9,Config!$B$15:$B$18,0))-$E9)*1440,0)),"")) -> 0 | U9: =IF(OR($N9="",$T9=""),"",IFERROR(MAX(0,1-($N9+$T9+MAX(0,N($Q9)))/ROUND((INDEX(Config!$D$15:$D$18,MATCH($S9,Config!$B$15:$B$18,0))-INDEX(Config!$C$15:$C$18,MATCH($S9,Config!$B$15:$B$18,0)))*1440,0)),"")) -> 0.94333333
A10: 46237 | B10: 13638765-0 | C10: =IFERROR(INDEX(Ejecutivos!$B$2:$B$100,MATCH(B10,Ejecutivos!$A$2:$A$100,0)),"") -> MANUEL MONSALVE | D10: 08:28 | E10: 18:23 | F10: 15:05 | G10: 15:23 | H10: 0 | I10: 0 | J10: 0 | K10: 0 | L10: 0 | M10: =IF(OR(D10="",E10=""),"",ROUND(((E10-D10)*24)-((G10-F10)*24)-((H10+I10)/60),2)) -> 9.62 | N10: =IF(OR($D10="",$S10=""),"",IFERROR(MAX(0,ROUND(($D10-INDEX(Config!$C$15:$C$18,MATCH($S10,Config!$B$15:$B$18,0)))*24*60,0)),"")) -> 0 | O10: =IF(OR(F10="",G10=""),"",ROUND((G10-F10)*24*60,0)) -> 18 | P10: =IF(O10="","",O10+H10+I10) -> 18 | Q10: =IF(OR($P10="",$S10=""),"",IFERROR($P10-INDEX(Config!$E$15:$E$18,MATCH($S10,Config!$B$15:$B$18,0)),"")) -> -42 | R10: =IF($A10="","",IF($D10="","Ausente",IF($N10="","",IF($N10>0,"Atrasado","Puntual")))) -> Puntual | S10: =IF(OR($A10="",$C10=""),"",IFERROR(INDEX(Turno!$C$3:$V$32,MATCH($C10,Turno!$B$3:$B$32,0),MATCH(DAY($A10),Turno!$C$1:$V$1,0)),"")) -> A | T10: =IF(OR($E10="",$S10=""),"",IFERROR(MAX(0,ROUND((INDEX(Config!$D$15:$D$18,MATCH($S10,Config!$B$15:$B$18,0))-$E10)*1440,0)),"")) -> 7 | U10: =IF(OR($N10="",$T10=""),"",IFERROR(MAX(0,1-($N10+$T10+MAX(0,N($Q10)))/ROUND((INDEX(Config!$D$15:$D$18,MATCH($S10,Config!$B$15:$B$18,0))-INDEX(Config!$C$15:$C$18,MATCH($S10,Config!$B$15:$B$18,0)))*1440,0)),"")) -> 0.98833333
A11: 46237 | B11: 13337549-K | C11: =IFERROR(INDEX(Ejecutivos!$B$2:$B$100,MATCH(B11,Ejecutivos!$A$2:$A$100,0)),"") -> MANUELA ASTUDILLO | D11: 08:31 | E11: 18:01 | F11: 14:30 | G11: 15:00 | H11: 15 | I11: 16 | J11: 22 | K11: 3 | L11: 0 | M11: =IF(OR(D11="",E11=""),"",ROUND(((E11-D11)*24)-((G11-F11)*24)-((H11+I11)/60),2)) -> 8.48 | N11: =IF(OR($D11="",$S11=""),"",IFERROR(MAX(0,ROUND(($D11-INDEX(Config!$C$15:$C$18,MATCH($S11,Config!$B$15:$B$18,0)))*24*60,0)),"")) -> 1 | O11: =IF(OR(F11="",G11=""),"",ROUND((G11-F11)*24*60,0)) -> 30 | P11: =IF(O11="","",O11+H11+I11) -> 61 | Q11: =IF(OR($P11="",$S11=""),"",IFERROR($P11-INDEX(Config!$E$15:$E$18,MATCH($S11,Config!$B$15:$B$18,0)),"")) -> 1 | R11: =IF($A11="","",IF($D11="","Ausente",IF($N11="","",IF($N11>0,"Atrasado","Puntual")))) -> Atrasado | S11: =IF(OR($A11="",$C11=""),"",IFERROR(INDEX(Turno!$C$3:$V$32,MATCH($C11,Turno!$B$3:$B$32,0),MATCH(DAY($A11),Turno!$C$1:$V$1,0)),"")) -> A | T11: =IF(OR($E11="",$S11=""),"",IFERROR(MAX(0,ROUND((INDEX(Config!$D$15:$D$18,MATCH($S11,Config!$B$15:$B$18,0))-$E11)*1440,0)),"")) -> 29 | U11: =IF(OR($N11="",$T11=""),"",IFERROR(MAX(0,1-($N11+$T11+MAX(0,N($Q11)))/ROUND((INDEX(Config!$D$15:$D$18,MATCH($S11,Config!$B$15:$B$18,0))-INDEX(Config!$C$15:$C$18,MATCH($S11,Config!$B$15:$B$18,0)))*1440,0)),"")) -> 0.94833333
A12: 46237 | B12: 18123009-6 | C12: =IFERROR(INDEX(Ejecutivos!$B$2:$B$100,MATCH(B12,Ejecutivos!$A$2:$A$100,0)),"") -> MAXIMILIANO OLIVARES | D12: 08:31 | E12: 16:34 | F12: 0 | G12: 0 | H12: 15 | I12: 7 | J12: 12 | K12: 4 | L12: 0 | M12: =IF(OR(D12="",E12=""),"",ROUND(((E12-D12)*24)-((G12-F12)*24)-((H12+I12)/60),2)) -> 7.68 | N12: =IF(OR($D12="",$S12=""),"",IFERROR(MAX(0,ROUND(($D12-INDEX(Config!$C$15:$C$18,MATCH($S12,Config!$B$15:$B$18,0)))*24*60,0)),"")) -> 1 | O12: =IF(OR(F12="",G12=""),"",ROUND((G12-F12)*24*60,0)) -> 0 | P12: =IF(O12="","",O12+H12+I12) -> 22 | Q12: =IF(OR($P12="",$S12=""),"",IFERROR($P12-INDEX(Config!$E$15:$E$18,MATCH($S12,Config!$B$15:$B$18,0)),"")) -> -38 | R12: =IF($A12="","",IF($D12="","Ausente",IF($N12="","",IF($N12>0,"Atrasado","Puntual")))) -> Atrasado | S12: =IF(OR($A12="",$C12=""),"",IFERROR(INDEX(Turno!$C$3:$V$32,MATCH($C12,Turno!$B$3:$B$32,0),MATCH(DAY($A12),Turno!$C$1:$V$1,0)),"")) -> C | T12: =IF(OR($E12="",$S12=""),"",IFERROR(MAX(0,ROUND((INDEX(Config!$D$15:$D$18,MATCH($S12,Config!$B$15:$B$18,0))-$E12)*1440,0)),"")) -> 0 | U12: =IF(OR($N12="",$T12=""),"",IFERROR(MAX(0,1-($N12+$T12+MAX(0,N($Q12)))/ROUND((INDEX(Config!$D$15:$D$18,MATCH($S12,Config!$B$15:$B$18,0))-INDEX(Config!$C$15:$C$18,MATCH($S12,Config!$B$15:$B$18,0)))*1440,0)),"")) -> 0.99791667
A13: 46237 | B13: 19421111-2 | C13: =IFERROR(INDEX(Ejecutivos!$B$2:$B$100,MATCH(B13,Ejecutivos!$A$2:$A$100,0)),"") -> MELISSA SALGADO | D13: 08:32 | E13: 17:04 | F13: 12:38 | G13: 13:08 | H13: 15 | I13: 16 | J13: 30 | K13: 5 | L13: 0 | M13: =IF(OR(D13="",E13=""),"",ROUND(((E13-D13)*24)-((G13-F13)*24)-((H13+I13)/60),2)) -> 7.52 | N13: =IF(OR($D13="",$S13=""),"",IFERROR(MAX(0,ROUND(($D13-INDEX(Config!$C$15:$C$18,MATCH($S13,Config!$B$15:$B$18,0)))*24*60,0)),"")) -> 2 | O13: =IF(OR(F13="",G13=""),"",ROUND((G13-F13)*24*60,0)) -> 30 | P13: =IF(O13="","",O13+H13+I13) -> 61 | Q13: =IF(OR($P13="",$S13=""),"",IFERROR($P13-INDEX(Config!$E$15:$E$18,MATCH($S13,Config!$B$15:$B$18,0)),"")) -> 1 | R13: =IF($A13="","",IF($D13="","Ausente",IF($N13="","",IF($N13>0,"Atrasado","Puntual")))) -> Atrasado | S13: =IF(OR($A13="",$C13=""),"",IFERROR(INDEX(Turno!$C$3:$V$32,MATCH($C13,Turno!$B$3:$B$32,0),MATCH(DAY($A13),Turno!$C$1:$V$1,0)),"")) -> B | T13: =IF(OR($E13="",$S13=""),"",IFERROR(MAX(0,ROUND((INDEX(Config!$D$15:$D$18,MATCH($S13,Config!$B$15:$B$18,0))-$E13)*1440,0)),"")) -> 26 | U13: =IF(OR($N13="",$T13=""),"",IFERROR(MAX(0,1-($N13+$T13+MAX(0,N($Q13)))/ROUND((INDEX(Config!$D$15:$D$18,MATCH($S13,Config!$B$15:$B$18,0))-INDEX(Config!$C$15:$C$18,MATCH($S13,Config!$B$15:$B$18,0)))*1440,0)),"")) -> 0.9462963
A14: 46237 | B14: 27105214-6 | C14: =IFERROR(INDEX(Ejecutivos!$B$2:$B$100,MATCH(B14,Ejecutivos!$A$2:$A$100,0)),"") -> NANCI MENDEZ | D14: 08:26 | E14: 18:32 | F14: 12:58 | G14: 13:54 | H14: 15 | I14: 18 | J14: 0 | K14: 0 | L14: 0 | M14: =IF(OR(D14="",E14=""),"",ROUND(((E14-D14)*24)-((G14-F14)*24)-((H14+I14)/60),2)) -> 8.62 | N14: =IF(OR($D14="",$S14=""),"",IFERROR(MAX(0,ROUND(($D14-INDEX(Config!$C$15:$C$18,MATCH($S14,Config!$B$15:$B$18,0)))*24*60,0)),"")) -> 0 | O14: =IF(OR(F14="",G14=""),"",ROUND((G14-F14)*24*60,0)) -> 56 | P14: =IF(O14="","",O14+H14+I14) -> 89 | Q14: =IF(OR($P14="",$S14=""),"",IFERROR($P14-INDEX(Config!$E$15:$E$18,MATCH($S14,Config!$B$15:$B$18,0)),"")) -> 29 | R14: =IF($A14="","",IF($D14="","Ausente",IF($N14="","",IF($N14>0,"Atrasado","Puntual")))) -> Puntual | S14: =IF(OR($A14="",$C14=""),"",IFERROR(INDEX(Turno!$C$3:$V$32,MATCH($C14,Turno!$B$3:$B$32,0),MATCH(DAY($A14),Turno!$C$1:$V$1,0)),"")) -> B | T14: =IF(OR($E14="",$S14=""),"",IFERROR(MAX(0,ROUND((INDEX(Config!$D$15:$D$18,MATCH($S14,Config!$B$15:$B$18,0))-$E14)*1440,0)),"")) -> 0 | U14: =IF(OR($N14="",$T14=""),"",IFERROR(MAX(0,1-($N14+$T14+MAX(0,N($Q14)))/ROUND((INDEX(Config!$D$15:$D$18,MATCH($S14,Config!$B$15:$B$18,0))-INDEX(Config!$C$15:$C$18,MATCH($S14,Config!$B$15:$B$18,0)))*1440,0)),"")) -> 0.9462963
A15: 46237 | B15: 20828148-8 | C15: =IFERROR(INDEX(Ejecutivos!$B$2:$B$100,MATCH(B15,Ejecutivos!$A$2:$A$100,0)),"") -> TOMAS MAULEN | D15: 08:32 | E15: 18:34 | F15: 15:03 | G15: 16:05 | H15: 18 | I15: 3 | J15: 61 | K15: 7 | L15: 0 | M15: =IF(OR(D15="",E15=""),"",ROUND(((E15-D15)*24)-((G15-F15)*24)-((H15+I15)/60),2)) -> 8.65 | N15: =IF(OR($D15="",$S15=""),"",IFERROR(MAX(0,ROUND(($D15-INDEX(Config!$C$15:$C$18,MATCH($S15,Config!$B$15:$B$18,0)))*24*60,0)),"")) -> 2 | O15: =IF(OR(F15="",G15=""),"",ROUND((G15-F15)*24*60,0)) -> 62 | P15: =IF(O15="","",O15+H15+I15) -> 83 | Q15: =IF(OR($P15="",$S15=""),"",IFERROR($P15-INDEX(Config!$E$15:$E$18,MATCH($S15,Config!$B$15:$B$18,0)),"")) -> 23 | R15: =IF($A15="","",IF($D15="","Ausente",IF($N15="","",IF($N15>0,"Atrasado","Puntual")))) -> Atrasado | S15: =IF(OR($A15="",$C15=""),"",IFERROR(INDEX(Turno!$C$3:$V$32,MATCH($C15,Turno!$B$3:$B$32,0),MATCH(DAY($A15),Turno!$C$1:$V$1,0)),"")) -> A | T15: =IF(OR($E15="",$S15=""),"",IFERROR(MAX(0,ROUND((INDEX(Config!$D$15:$D$18,MATCH($S15,Config!$B$15:$B$18,0))-$E15)*1440,0)),"")) -> 0 | U15: =IF(OR($N15="",$T15=""),"",IFERROR(MAX(0,1-($N15+$T15+MAX(0,N($Q15)))/ROUND((INDEX(Config!$D$15:$D$18,MATCH($S15,Config!$B$15:$B$18,0))-INDEX(Config!$C$15:$C$18,MATCH($S15,Config!$B$15:$B$18,0)))*1440,0)),"")) -> 0.95833333
A16: 46238 | B16: 26612947-5 | C16: =IFERROR(INDEX(Ejecutivos!$B$2:$B$100,MATCH(B16,Ejecutivos!$A$2:$A$100,0)),"") -> ALEJANDRA CHACON | D16: 08:30 | E16: 18:31 | F16: 14:04 | G16: 15:05 | H16: 16 | I16: 16 | J16: 26 | K16: 3 | L16: 0 | M16: =IF(OR(D16="",E16=""),"",ROUND(((E16-D16)*24)-((G16-F16)*24)-((H16+I16)/60),2)) -> 8.47 | N16: =IF(OR($D16="",$S16=""),"",IFERROR(MAX(0,ROUND(($D16-INDEX(Config!$C$15:$C$18,MATCH($S16,Config!$B$15:$B$18,0)))*24*60,0)),"")) -> 0 | O16: =IF(OR(F16="",G16=""),"",ROUND((G16-F16)*24*60,0)) -> 61 | P16: =IF(O16="","",O16+H16+I16) -> 93 | Q16: =IF(OR($P16="",$S16=""),"",IFERROR($P16-INDEX(Config!$E$15:$E$18,MATCH($S16,Config!$B$15:$B$18,0)),"")) -> 33 | R16: =IF($A16="","",IF($D16="","Ausente",IF($N16="","",IF($N16>0,"Atrasado","Puntual")))) -> Puntual | S16: =IF(OR($A16="",$C16=""),"",IFERROR(INDEX(Turno!$C$3:$V$32,MATCH($C16,Turno!$B$3:$B$32,0),MATCH(DAY($A16),Turno!$C$1:$V$1,0)),"")) -> A | T16: =IF(OR($E16="",$S16=""),"",IFERROR(MAX(0,ROUND((INDEX(Config!$D$15:$D$18,MATCH($S16,Config!$B$15:$B$18,0))-$E16)*1440,0)),"")) -> 0 | U16: =IF(OR($N16="",$T16=""),"",IFERROR(MAX(0,1-($N16+$T16+MAX(0,N($Q16)))/ROUND((INDEX(Config!$D$15:$D$18,MATCH($S16,Config!$B$15:$B$18,0))-INDEX(Config!$C$15:$C$18,MATCH($S16,Config!$B$15:$B$18,0)))*1440,0)),"")) -> 0.945
A17: 46238 | B17: 13093458-7 | C17: =IFERROR(INDEX(Ejecutivos!$B$2:$B$100,MATCH(B17,Ejecutivos!$A$2:$A$100,0)),"") -> ALEJANDRA ORELLANA | D17: 09:30 | E17: 18:01 | F17: 12:04 | G17: 12:34 | H17: 15 | I17: 15 | J17: 0 | K17: 0 | L17: 0 | M17: =IF(OR(D17="",E17=""),"",ROUND(((E17-D17)*24)-((G17-F17)*24)-((H17+I17)/60),2)) -> 7.52 | N17: =IF(OR($D17="",$S17=""),"",IFERROR(MAX(0,ROUND(($D17-INDEX(Config!$C$15:$C$18,MATCH($S17,Config!$B$15:$B$18,0)))*24*60,0)),"")) -> 0 | O17: =IF(OR(F17="",G17=""),"",ROUND((G17-F17)*24*60,0)) -> 30 | P17: =IF(O17="","",O17+H17+I17) -> 60 | Q17: =IF(OR($P17="",$S17=""),"",IFERROR($P17-INDEX(Config!$E$15:$E$18,MATCH($S17,Config!$B$15:$B$18,0)),"")) -> 0 | R17: =IF($A17="","",IF($D17="","Ausente",IF($N17="","",IF($N17>0,"Atrasado","Puntual")))) -> Puntual | S17: =IF(OR($A17="",$C17=""),"",IFERROR(INDEX(Turno!$C$3:$V$32,MATCH($C17,Turno!$B$3:$B$32,0),MATCH(DAY($A17),Turno!$C$1:$V$1,0)),"")) -> D | T17: =IF(OR($E17="",$S17=""),"",IFERROR(MAX(0,ROUND((INDEX(Config!$D$15:$D$18,MATCH($S17,Config!$B$15:$B$18,0))-$E17)*1440,0)),"")) -> 29 | U17: =IF(OR($N17="",$T17=""),"",IFERROR(MAX(0,1-($N17+$T17+MAX(0,N($Q17)))/ROUND((INDEX(Config!$D$15:$D$18,MATCH($S17,Config!$B$15:$B$18,0))-INDEX(Config!$C$15:$C$18,MATCH($S17,Config!$B$15:$B$18,0)))*1440,0)),"")) -> 0.9462963
A18: 46238 | B18: 13336644-k | C18: =IFERROR(INDEX(Ejecutivos!$B$2:$B$100,MATCH(B18,Ejecutivos!$A$2:$A$100,0)),"") -> ANA ASTORGA | D18: 08:32 | E18: 15:46 | F18: 13:35 | G18: 14:01 | H18: 15 | I18: 35 | J18: 28 | K18: 4 | L18: 0 | M18: =IF(OR(D18="",E18=""),"",ROUND(((E18-D18)*24)-((G18-F18)*24)-((H18+I18)/60),2)) -> 5.97 | N18: =IF(OR($D18="",$S18=""),"",IFERROR(MAX(0,ROUND(($D18-INDEX(Config!$C$15:$C$18,MATCH($S18,Config!$B$15:$B$18,0)))*24*60,0)),"")) -> 2 | O18: =IF(OR(F18="",G18=""),"",ROUND((G18-F18)*24*60,0)) -> 26 | P18: =IF(O18="","",O18+H18+I18) -> 76 | Q18: =IF(OR($P18="",$S18=""),"",IFERROR($P18-INDEX(Config!$E$15:$E$18,MATCH($S18,Config!$B$15:$B$18,0)),"")) -> 16 | R18: =IF($A18="","",IF($D18="","Ausente",IF($N18="","",IF($N18>0,"Atrasado","Puntual")))) -> Atrasado | S18: =IF(OR($A18="",$C18=""),"",IFERROR(INDEX(Turno!$C$3:$V$32,MATCH($C18,Turno!$B$3:$B$32,0),MATCH(DAY($A18),Turno!$C$1:$V$1,0)),"")) -> C | T18: =IF(OR($E18="",$S18=""),"",IFERROR(MAX(0,ROUND((INDEX(Config!$D$15:$D$18,MATCH($S18,Config!$B$15:$B$18,0))-$E18)*1440,0)),"")) -> 44 | U18: =IF(OR($N18="",$T18=""),"",IFERROR(MAX(0,1-($N18+$T18+MAX(0,N($Q18)))/ROUND((INDEX(Config!$D$15:$D$18,MATCH($S18,Config!$B$15:$B$18,0))-INDEX(Config!$C$15:$C$18,MATCH($S18,Config!$B$15:$B$18,0)))*1440,0)),"")) -> 0.87083333
A19: 46238 | B19: 18637622-6 | C19: =IFERROR(INDEX(Ejecutivos!$B$2:$B$100,MATCH(B19,Ejecutivos!$A$2:$A$100,0)),"") -> DANIELA RODRIGUEZ | D19: 11:00 | E19: 18:31 | F19: 15:06 | G19: 16:08 | H19: 15 | I19: 0 | J19: 28 | K19: 7 | L19: 0 | M19: =IF(OR(D19="",E19=""),"",ROUND(((E19-D19)*24)-((G19-F19)*24)-((H19+I19)/60),2)) -> 6.23 | N19: =IF(OR($D19="",$S19=""),"",IFERROR(MAX(0,ROUND(($D19-INDEX(Config!$C$15:$C$18,MATCH($S19,Config!$B$15:$B$18,0)))*24*60,0)),"")) -> 150 | O19: =IF(OR(F19="",G19=""),"",ROUND((G19-F19)*24*60,0)) -> 62 | P19: =IF(O19="","",O19+H19+I19) -> 77 | Q19: =IF(OR($P19="",$S19=""),"",IFERROR($P19-INDEX(Config!$E$15:$E$18,MATCH($S19,Config!$B$15:$B$18,0)),"")) -> 17 | R19: =IF($A19="","",IF($D19="","Ausente",IF($N19="","",IF($N19>0,"Atrasado","Puntual")))) -> Atrasado | S19: =IF(OR($A19="",$C19=""),"",IFERROR(INDEX(Turno!$C$3:$V$32,MATCH($C19,Turno!$B$3:$B$32,0),MATCH(DAY($A19),Turno!$C$1:$V$1,0)),"")) -> A | T19: =IF(OR($E19="",$S19=""),"",IFERROR(MAX(0,ROUND((INDEX(Config!$D$15:$D$18,MATCH($S19,Config!$B$15:$B$18,0))-$E19)*1440,0)),"")) -> 0 | U19: =IF(OR($N19="",$T19=""),"",IFERROR(MAX(0,1-($N19+$T19+MAX(0,N($Q19)))/ROUND((INDEX(Config!$D$15:$D$18,MATCH($S19,Config!$B$15:$B$18,0))-INDEX(Config!$C$15:$C$18,MATCH($S19,Config!$B$15:$B$18,0)))*1440,0)),"")) -> 0.72166667
A20: 46238 | B20: 14364155-4 | C20: =IFERROR(INDEX(Ejecutivos!$B$2:$B$100,MATCH(B20,Ejecutivos!$A$2:$A$100,0)),"") -> ELSA GONGORA | D20: 08:30 | E20: 20:15 | F20: 13:02 | G20: 14:02 | H20: 15 | I20: 15 | J20: 7 | K20: 2 | L20: 0 | M20: =IF(OR(D20="",E20=""),"",ROUND(((E20-D20)*24)-((G20-F20)*24)-((H20+I20)/60),2)) -> 10.25 | N20: =IF(OR($D20="",$S20=""),"",IFERROR(MAX(0,ROUND(($D20-INDEX(Config!$C$15:$C$18,MATCH($S20,Config!$B$15:$B$18,0)))*24*60,0)),"")) -> 0 | O20: =IF(OR(F20="",G20=""),"",ROUND((G20-F20)*24*60,0)) -> 60 | P20: =IF(O20="","",O20+H20+I20) -> 90 | Q20: =IF(OR($P20="",$S20=""),"",IFERROR($P20-INDEX(Config!$E$15:$E$18,MATCH($S20,Config!$B$15:$B$18,0)),"")) -> 30 | R20: =IF($A20="","",IF($D20="","Ausente",IF($N20="","",IF($N20>0,"Atrasado","Puntual")))) -> Puntual | S20: =IF(OR($A20="",$C20=""),"",IFERROR(INDEX(Turno!$C$3:$V$32,MATCH($C20,Turno!$B$3:$B$32,0),MATCH(DAY($A20),Turno!$C$1:$V$1,0)),"")) -> A | T20: =IF(OR($E20="",$S20=""),"",IFERROR(MAX(0,ROUND((INDEX(Config!$D$15:$D$18,MATCH($S20,Config!$B$15:$B$18,0))-$E20)*1440,0)),"")) -> 0 | U20: =IF(OR($N20="",$T20=""),"",IFERROR(MAX(0,1-($N20+$T20+MAX(0,N($Q20)))/ROUND((INDEX(Config!$D$15:$D$18,MATCH($S20,Config!$B$15:$B$18,0))-INDEX(Config!$C$15:$C$18,MATCH($S20,Config!$B$15:$B$18,0)))*1440,0)),"")) -> 0.95
A21: 46238 | B21: 16117577-3 | C21: =IFERROR(INDEX(Ejecutivos!$B$2:$B$100,MATCH(B21,Ejecutivos!$A$2:$A$100,0)),"") -> JOHANA LLANCAPICHUN | D21: 08:30 | E21: 20:16 | F21: 14:11 | G21: 15:10 | H21: 15 | I21: 0 | J21: 7 | K21: 1 | L21: 0 | M21: =IF(OR(D21="",E21=""),"",ROUND(((E21-D21)*24)-((G21-F21)*24)-((H21+I21)/60),2)) -> 10.53 | N21: =IF(OR($D21="",$S21=""),"",IFERROR(MAX(0,ROUND(($D21-INDEX(Config!$C$15:$C$18,MATCH($S21,Config!$B$15:$B$18,0)))*24*60,0)),"")) -> 0 | O21: =IF(OR(F21="",G21=""),"",ROUND((G21-F21)*24*60,0)) -> 59 | P21: =IF(O21="","",O21+H21+I21) -> 74 | Q21: =IF(OR($P21="",$S21=""),"",IFERROR($P21-INDEX(Config!$E$15:$E$18,MATCH($S21,Config!$B$15:$B$18,0)),"")) -> 14 | R21: =IF($A21="","",IF($D21="","Ausente",IF($N21="","",IF($N21>0,"Atrasado","Puntual")))) -> Puntual | S21: =IF(OR($A21="",$C21=""),"",IFERROR(INDEX(Turno!$C$3:$V$32,MATCH($C21,Turno!$B$3:$B$32,0),MATCH(DAY($A21),Turno!$C$1:$V$1,0)),"")) -> A | T21: =IF(OR($E21="",$S21=""),"",IFERROR(MAX(0,ROUND((INDEX(Config!$D$15:$D$18,MATCH($S21,Config!$B$15:$B$18,0))-$E21)*1440,0)),"")) -> 0 | U21: =IF(OR($N21="",$T21=""),"",IFERROR(MAX(0,1-($N21+$T21+MAX(0,N($Q21)))/ROUND((INDEX(Config!$D$15:$D$18,MATCH($S21,Config!$B$15:$B$18,0))-INDEX(Config!$C$15:$C$18,MATCH($S21,Config!$B$15:$B$18,0)))*1440,0)),"")) -> 0.97666667
A22: 46238 | B22: 13026344-5 | C22: =IFERROR(INDEX(Ejecutivos!$B$2:$B$100,MATCH(B22,Ejecutivos!$A$2:$A$100,0)),"") -> KATIA HALD | D22: 08:30 | E22: 20:24 | F22: 15:11 | G22: 16:12 | H22: 16 | I22: 16 | J22: 0 | K22: 0 | L22: 0 | M22: =IF(OR(D22="",E22=""),"",ROUND(((E22-D22)*24)-((G22-F22)*24)-((H22+I22)/60),2)) -> 10.35 | N22: =IF(OR($D22="",$S22=""),"",IFERROR(MAX(0,ROUND(($D22-INDEX(Config!$C$15:$C$18,MATCH($S22,Config!$B$15:$B$18,0)))*24*60,0)),"")) -> 0 | O22: =IF(OR(F22="",G22=""),"",ROUND((G22-F22)*24*60,0)) -> 61 | P22: =IF(O22="","",O22+H22+I22) -> 93 | Q22: =IF(OR($P22="",$S22=""),"",IFERROR($P22-INDEX(Config!$E$15:$E$18,MATCH($S22,Config!$B$15:$B$18,0)),"")) -> 33 | R22: =IF($A22="","",IF($D22="","Ausente",IF($N22="","",IF($N22>0,"Atrasado","Puntual")))) -> Puntual | S22: =IF(OR($A22="",$C22=""),"",IFERROR(INDEX(Turno!$C$3:$V$32,MATCH($C22,Turno!$B$3:$B$32,0),MATCH(DAY($A22),Turno!$C$1:$V$1,0)),"")) -> A | T22: =IF(OR($E22="",$S22=""),"",IFERROR(MAX(0,ROUND((INDEX(Config!$D$15:$D$18,MATCH($S22,Config!$B$15:$B$18,0))-$E22)*1440,0)),"")) -> 0 | U22: =IF(OR($N22="",$T22=""),"",IFERROR(MAX(0,1-($N22+$T22+MAX(0,N($Q22)))/ROUND((INDEX(Config!$D$15:$D$18,MATCH($S22,Config!$B$15:$B$18,0))-INDEX(Config!$C$15:$C$18,MATCH($S22,Config!$B$15:$B$18,0)))*1440,0)),"")) -> 0.945
A23: 46238 | B23: 13638765-0 | C23: =IFERROR(INDEX(Ejecutivos!$B$2:$B$100,MATCH(B23,Ejecutivos!$A$2:$A$100,0)),"") -> MANUEL MONSALVE | D23: 08:28 | E23: 20:31 | F23: 13:27 | G23: 13:54 | H23: 0 | I23: 0 | J23: 0 | K23: 0 | L23: 0 | M23: =IF(OR(D23="",E23=""),"",ROUND(((E23-D23)*24)-((G23-F23)*24)-((H23+I23)/60),2)) -> 11.6 | N23: =IF(OR($D23="",$S23=""),"",IFERROR(MAX(0,ROUND(($D23-INDEX(Config!$C$15:$C$18,MATCH($S23,Config!$B$15:$B$18,0)))*24*60,0)),"")) -> 0 | O23: =IF(OR(F23="",G23=""),"",ROUND((G23-F23)*24*60,0)) -> 27 | P23: =IF(O23="","",O23+H23+I23) -> 27 | Q23: =IF(OR($P23="",$S23=""),"",IFERROR($P23-INDEX(Config!$E$15:$E$18,MATCH($S23,Config!$B$15:$B$18,0)),"")) -> -33 | R23: =IF($A23="","",IF($D23="","Ausente",IF($N23="","",IF($N23>0,"Atrasado","Puntual")))) -> Puntual | S23: =IF(OR($A23="",$C23=""),"",IFERROR(INDEX(Turno!$C$3:$V$32,MATCH($C23,Turno!$B$3:$B$32,0),MATCH(DAY($A23),Turno!$C$1:$V$1,0)),"")) -> A | T23: =IF(OR($E23="",$S23=""),"",IFERROR(MAX(0,ROUND((INDEX(Config!$D$15:$D$18,MATCH($S23,Config!$B$15:$B$18,0))-$E23)*1440,0)),"")) -> 0 | U23: =IF(OR($N23="",$T23=""),"",IFERROR(MAX(0,1-($N23+$T23+MAX(0,N($Q23)))/ROUND((INDEX(Config!$D$15:$D$18,MATCH($S23,Config!$B$15:$B$18,0))-INDEX(Config!$C$15:$C$18,MATCH($S23,Config!$B$15:$B$18,0)))*1440,0)),"")) -> 1
A24: 46238 | B24: 13337549-K | C24: =IFERROR(INDEX(Ejecutivos!$B$2:$B$100,MATCH(B24,Ejecutivos!$A$2:$A$100,0)),"") -> MANUELA ASTUDILLO | D24: 08:30 | E24: 18:31 | F24: 14:32 | G24: 15:32 | H24: 15 | I24: 15 | J24: 19 | K24: 3 | L24: 0 | M24: =IF(OR(D24="",E24=""),"",ROUND(((E24-D24)*24)-((G24-F24)*24)-((H24+I24)/60),2)) -> 8.52 | N24: =IF(OR($D24="",$S24=""),"",IFERROR(MAX(0,ROUND(($D24-INDEX(Config!$C$15:$C$18,MATCH($S24,Config!$B$15:$B$18,0)))*24*60,0)),"")) -> 0 | O24: =IF(OR(F24="",G24=""),"",ROUND((G24-F24)*24*60,0)) -> 60 | P24: =IF(O24="","",O24+H24+I24) -> 90 | Q24: =IF(OR($P24="",$S24=""),"",IFERROR($P24-INDEX(Config!$E$15:$E$18,MATCH($S24,Config!$B$15:$B$18,0)),"")) -> 30 | R24: =IF($A24="","",IF($D24="","Ausente",IF($N24="","",IF($N24>0,"Atrasado","Puntual")))) -> Puntual | S24: =IF(OR($A24="",$C24=""),"",IFERROR(INDEX(Turno!$C$3:$V$32,MATCH($C24,Turno!$B$3:$B$32,0),MATCH(DAY($A24),Turno!$C$1:$V$1,0)),"")) -> A | T24: =IF(OR($E24="",$S24=""),"",IFERROR(MAX(0,ROUND((INDEX(Config!$D$15:$D$18,MATCH($S24,Config!$B$15:$B$18,0))-$E24)*1440,0)),"")) -> 0 | U24: =IF(OR($N24="",$T24=""),"",IFERROR(MAX(0,1-($N24+$T24+MAX(0,N($Q24)))/ROUND((INDEX(Config!$D$15:$D$18,MATCH($S24,Config!$B$15:$B$18,0))-INDEX(Config!$C$15:$C$18,MATCH($S24,Config!$B$15:$B$18,0)))*1440,0)),"")) -> 0.95
... A27: 46238 | B27: 27105214-6 | C27: =IFERROR(INDEX(Ejecutivos!$B$2:$B$100,MATCH(B27,Ejecutivos!$A$2:$A$100,0)),"") -> NANCI MENDEZ | D27: 08:28 | E27: 17:30 | F27: 12:31 | G27: 13:31 | H27: 17 | I27: 18 | J27: 6 | K27: 1 | L27: 0 | M27: =IF(OR(D27="",E27=""),"",ROUND(((E27-D27)*24)-((G27-F27)*24)-((H27+I27)/60),2)) -> 7.45 | N27: =IF(OR($D27="",$S27=""),"",IFERROR(MAX(0,ROUND(($D27-INDEX(Config!$C$15:$C$18,MATCH($S27,Config!$B$15:$B$18,0)))*24*60,0)),"")) -> 0 | O27: =IF(OR(F27="",G27=""),"",ROUND((G27-F27)*24*60,0)) -> 60 | P27: =IF(O27="","",O27+H27+I27) -> 95 | Q27: =IF(OR($P27="",$S27=""),"",IFERROR($P27-INDEX(Config!$E$15:$E$18,MATCH($S27,Config!$B$15:$B$18,0)),"")) -> 35 | R27: =IF($A27="","",IF($D27="","Ausente",IF($N27="","",IF($N27>0,"Atrasado","Puntual")))) -> Puntual | S27: =IF(OR($A27="",$C27=""),"",IFERROR(INDEX(Turno!$C$3:$V$32,MATCH($C27,Turno!$B$3:$B$32,0),MATCH(DAY($A27),Turno!$C$1:$V$1,0)),"")) -> A | T27: =IF(OR($E27="",$S27=""),"",IFERROR(MAX(0,ROUND((INDEX(Config!$D$15:$D$18,MATCH($S27,Config!$B$15:$B$18,0))-$E27)*1440,0)),"")) -> 60 | U27: =IF(OR($N27="",$T27=""),"",IFERROR(MAX(0,1-($N27+$T27+MAX(0,N($Q27)))/ROUND((INDEX(Config!$D$15:$D$18,MATCH($S27,Config!$B$15:$B$18,0))-INDEX(Config!$C$15:$C$18,MATCH($S27,Config!$B$15:$B$18,0)))*1440,0)),"")) -> 0.84166667
A28: 46238 | B28: 20828148-8 | C28: =IFERROR(INDEX(Ejecutivos!$B$2:$B$100,MATCH(B28,Ejecutivos!$A$2:$A$100,0)),"") -> TOMAS MAULEN | D28: 08:37 | E28: 0.77083333 | F28: 0 | G28: 0 | H28: 17 | I28: 2 | J28: 65 | K28: 9 | L28: 0 | M28: =IF(OR(D28="",E28=""),"",ROUND(((E28-D28)*24)-((G28-F28)*24)-((H28+I28)/60),2)) -> 9.57 | N28: =IF(OR($D28="",$S28=""),"",IFERROR(MAX(0,ROUND(($D28-INDEX(Config!$C$15:$C$18,MATCH($S28,Config!$B$15:$B$18,0)))*24*60,0)),"")) -> 7 | O28: =IF(OR(F28="",G28=""),"",ROUND((G28-F28)*24*60,0)) -> 0 | P28: =IF(O28="","",O28+H28+I28) -> 19 | Q28: =IF(OR($P28="",$S28=""),"",IFERROR($P28-INDEX(Config!$E$15:$E$18,MATCH($S28,Config!$B$15:$B$18,0)),"")) -> -41 | R28: =IF($A28="","",IF($D28="","Ausente",IF($N28="","",IF($N28>0,"Atrasado","Puntual")))) -> Atrasado | S28: =IF(OR($A28="",$C28=""),"",IFERROR(INDEX(Turno!$C$3:$V$32,MATCH($C28,Turno!$B$3:$B$32,0),MATCH(DAY($A28),Turno!$C$1:$V$1,0)),"")) -> B | T28: =IF(OR($E28="",$S28=""),"",IFERROR(MAX(0,ROUND((INDEX(Config!$D$15:$D$18,MATCH($S28,Config!$B$15:$B$18,0))-$E28)*1440,0)),"")) -> 0 | U28: =IF(OR($N28="",$T28=""),"",IFERROR(MAX(0,1-($N28+$T28+MAX(0,N($Q28)))/ROUND((INDEX(Config!$D$15:$D$18,MATCH($S28,Config!$B$15:$B$18,0))-INDEX(Config!$C$15:$C$18,MATCH($S28,Config!$B$15:$B$18,0)))*1440,0)),"")) -> 0.98703704
A29: 46239 | B29: 26612947-5 | C29: =IFERROR(INDEX(Ejecutivos!$B$2:$B$100,MATCH(B29,Ejecutivos!$A$2:$A$100,0)),"") -> ALEJANDRA CHACON | D29: 08:29 | E29: 18:30 | F29: 14:30 | G29: 15:31 | H29: 16 | I29: 16 | J29: 31 | K29: 3 | L29: 0 | M29: =IF(OR(D29="",E29=""),"",ROUND(((E29-D29)*24)-((G29-F29)*24)-((H29+I29)/60),2)) -> 8.47 | N29: =IF(OR($D29="",$S29=""),"",IFERROR(MAX(0,ROUND(($D29-INDEX(Config!$C$15:$C$18,MATCH($S29,Config!$B$15:$B$18,0)))*24*60,0)),"")) -> 0 | O29: =IF(OR(F29="",G29=""),"",ROUND((G29-F29)*24*60,0)) -> 61 | P29: =IF(O29="","",O29+H29+I29) -> 93 | Q29: =IF(OR($P29="",$S29=""),"",IFERROR($P29-INDEX(Config!$E$15:$E$18,MATCH($S29,Config!$B$15:$B$18,0)),"")) -> 33 | R29: =IF($A29="","",IF($D29="","Ausente",IF($N29="","",IF($N29>0,"Atrasado","Puntual")))) -> Puntual | S29: =IF(OR($A29="",$C29=""),"",IFERROR(INDEX(Turno!$C$3:$V$32,MATCH($C29,Turno!$B$3:$B$32,0),MATCH(DAY($A29),Turno!$C$1:$V$1,0)),"")) -> A | T29: =IF(OR($E29="",$S29=""),"",IFERROR(MAX(0,ROUND((INDEX(Config!$D$15:$D$18,MATCH($S29,Config!$B$15:$B$18,0))-$E29)*1440,0)),"")) -> 0 | U29: =IF(OR($N29="",$T29=""),"",IFERROR(MAX(0,1-($N29+$T29+MAX(0,N($Q29)))/ROUND((INDEX(Config!$D$15:$D$18,MATCH($S29,Config!$B$15:$B$18,0))-INDEX(Config!$C$15:$C$18,MATCH($S29,Config!$B$15:$B$18,0)))*1440,0)),"")) -> 0.945
A30: 46239 | B30: 13093458-7 | C30: =IFERROR(INDEX(Ejecutivos!$B$2:$B$100,MATCH(B30,Ejecutivos!$A$2:$A$100,0)),"") -> ALEJANDRA ORELLANA | D30: 08:30 | E30: 18:00 | F30: 12:00 | G30: 12:30 | H30: 15 | I30: 15 | J30: 5 | K30: 1 | L30: 0 | M30: =IF(OR(D30="",E30=""),"",ROUND(((E30-D30)*24)-((G30-F30)*24)-((H30+I30)/60),2)) -> 8.5 | N30: =IF(OR($D30="",$S30=""),"",IFERROR(MAX(0,ROUND(($D30-INDEX(Config!$C$15:$C$18,MATCH($S30,Config!$B$15:$B$18,0)))*24*60,0)),"")) -> 0 | O30: =IF(OR(F30="",G30=""),"",ROUND((G30-F30)*24*60,0)) -> 30 | P30: =IF(O30="","",O30+H30+I30) -> 60 | Q30: =IF(OR($P30="",$S30=""),"",IFERROR($P30-INDEX(Config!$E$15:$E$18,MATCH($S30,Config!$B$15:$B$18,0)),"")) -> 0 | R30: =IF($A30="","",IF($D30="","Ausente",IF($N30="","",IF($N30>0,"Atrasado","Puntual")))) -> Puntual | S30: =IF(OR($A30="",$C30=""),"",IFERROR(INDEX(Turno!$C$3:$V$32,MATCH($C30,Turno!$B$3:$B$32,0),MATCH(DAY($A30),Turno!$C$1:$V$1,0)),"")) -> A | T30: =IF(OR($E30="",$S30=""),"",IFERROR(MAX(0,ROUND((INDEX(Config!$D$15:$D$18,MATCH($S30,Config!$B$15:$B$18,0))-$E30)*1440,0)),"")) -> 30 | U30: =IF(OR($N30="",$T30=""),"",IFERROR(MAX(0,1-($N30+$T30+MAX(0,N($Q30)))/ROUND((INDEX(Config!$D$15:$D$18,MATCH($S30,Config!$B$15:$B$18,0))-INDEX(Config!$C$15:$C$18,MATCH($S30,Config!$B$15:$B$18,0)))*1440,0)),"")) -> 0.95
A31: 46239 | B31: 18637622-6 | C31: =IFERROR(INDEX(Ejecutivos!$B$2:$B$100,MATCH(B31,Ejecutivos!$A$2:$A$100,0)),"") -> DANIELA RODRIGUEZ | D31: 08:30 | E31: 18:33 | F31: 15:35 | G31: 16:38 | H31: 17 | I31: 16 | J31: 16 | K31: 4 | L31: 0 | M31: =IF(OR(D31="",E31=""),"",ROUND(((E31-D31)*24)-((G31-F31)*24)-((H31+I31)/60),2)) -> 8.45 | N31: =IF(OR($D31="",$S31=""),"",IFERROR(MAX(0,ROUND(($D31-INDEX(Config!$C$15:$C$18,MATCH($S31,Config!$B$15:$B$18,0)))*24*60,0)),"")) -> 0 | O31: =IF(OR(F31="",G31=""),"",ROUND((G31-F31)*24*60,0)) -> 63 | P31: =IF(O31="","",O31+H31+I31) -> 96 | Q31: =IF(OR($P31="",$S31=""),"",IFERROR($P31-INDEX(Config!$E$15:$E$18,MATCH($S31,Config!$B$15:$B$18,0)),"")) -> 36 | R31: =IF($A31="","",IF($D31="","Ausente",IF($N31="","",IF($N31>0,"Atrasado","Puntual")))) -> Puntual | S31: =IF(OR($A31="",$C31=""),"",IFERROR(INDEX(Turno!$C$3:$V$32,MATCH($C31,Turno!$B$3:$B$32,0),MATCH(DAY($A31),Turno!$C$1:$V$1,0)),"")) -> A | T31: =IF(OR($E31="",$S31=""),"",IFERROR(MAX(0,ROUND((INDEX(Config!$D$15:$D$18,MATCH($S31,Config!$B$15:$B$18,0))-$E31)*1440,0)),"")) -> 0 | U31: =IF(OR($N31="",$T31=""),"",IFERROR(MAX(0,1-($N31+$T31+MAX(0,N($Q31)))/ROUND((INDEX(Config!$D$15:$D$18,MATCH($S31,Config!$B$15:$B$18,0))-INDEX(Config!$C$15:$C$18,MATCH($S31,Config!$B$15:$B$18,0)))*1440,0)),"")) -> 0.94
A32: 46239 | B32: 14364155-4 | C32: =IFERROR(INDEX(Ejecutivos!$B$2:$B$100,MATCH(B32,Ejecutivos!$A$2:$A$100,0)),"") -> ELSA GONGORA | D32: 09:31 | E32: 21:14 | F32: 13:09 | G32: 14:10 | H32: 15 | I32: 0 | J32: 9 | K32: 1 | L32: 0 | M32: =IF(OR(D32="",E32=""),"",ROUND(((E32-D32)*24)-((G32-F32)*24)-((H32+I32)/60),2)) -> 10.45 | N32: =IF(OR($D32="",$S32=""),"",IFERROR(MAX(0,ROUND(($D32-INDEX(Config!$C$15:$C$18,MATCH($S32,Config!$B$15:$B$18,0)))*24*60,0)),"")) -> 1 | O32: =IF(OR(F32="",G32=""),"",ROUND((G32-F32)*24*60,0)) -> 61 | P32: =IF(O32="","",O32+H32+I32) -> 76 | Q32: =IF(OR($P32="",$S32=""),"",IFERROR($P32-INDEX(Config!$E$15:$E$18,MATCH($S32,Config!$B$15:$B$18,0)),"")) -> 16 | R32: =IF($A32="","",IF($D32="","Ausente",IF($N32="","",IF($N32>0,"Atrasado","Puntual")))) -> Atrasado | S32: =IF(OR($A32="",$C32=""),"",IFERROR(INDEX(Turno!$C$3:$V$32,MATCH($C32,Turno!$B$3:$B$32,0),MATCH(DAY($A32),Turno!$C$1:$V$1,0)),"")) -> D | T32: =IF(OR($E32="",$S32=""),"",IFERROR(MAX(0,ROUND((INDEX(Config!$D$15:$D$18,MATCH($S32,Config!$B$15:$B$18,0))-$E32)*1440,0)),"")) -> 0 | U32: =IF(OR($N32="",$T32=""),"",IFERROR(MAX(0,1-($N32+$T32+MAX(0,N($Q32)))/ROUND((INDEX(Config!$D$15:$D$18,MATCH($S32,Config!$B$15:$B$18,0))-INDEX(Config!$C$15:$C$18,MATCH($S32,Config!$B$15:$B$18,0)))*1440,0)),"")) -> 0.96851852
A33: 46239 | B33: 16117577-3 | C33: =IFERROR(INDEX(Ejecutivos!$B$2:$B$100,MATCH(B33,Ejecutivos!$A$2:$A$100,0)),"") -> JOHANA LLANCAPICHUN | D33: 08:30 | E33: 18:30 | F33: 14:24 | G33: 15:19 | H33: 6 | I33: 15 | J33: 0 | K33: 0 | L33: 0 | M33: =IF(OR(D33="",E33=""),"",ROUND(((E33-D33)*24)-((G33-F33)*24)-((H33+I33)/60),2)) -> 8.73 | N33: =IF(OR($D33="",$S33=""),"",IFERROR(MAX(0,ROUND(($D33-INDEX(Config!$C$15:$C$18,MATCH($S33,Config!$B$15:$B$18,0)))*24*60,0)),"")) -> 0 | O33: =IF(OR(F33="",G33=""),"",ROUND((G33-F33)*24*60,0)) -> 55 | P33: =IF(O33="","",O33+H33+I33) -> 76 | Q33: =IF(OR($P33="",$S33=""),"",IFERROR($P33-INDEX(Config!$E$15:$E$18,MATCH($S33,Config!$B$15:$B$18,0)),"")) -> 16 | R33: =IF($A33="","",IF($D33="","Ausente",IF($N33="","",IF($N33>0,"Atrasado","Puntual")))) -> Puntual | S33: =IF(OR($A33="",$C33=""),"",IFERROR(INDEX(Turno!$C$3:$V$32,MATCH($C33,Turno!$B$3:$B$32,0),MATCH(DAY($A33),Turno!$C$1:$V$1,0)),"")) -> A | T33: =IF(OR($E33="",$S33=""),"",IFERROR(MAX(0,ROUND((INDEX(Config!$D$15:$D$18,MATCH($S33,Config!$B$15:$B$18,0))-$E33)*1440,0)),"")) -> 0 | U33: =IF(OR($N33="",$T33=""),"",IFERROR(MAX(0,1-($N33+$T33+MAX(0,N($Q33)))/ROUND((INDEX(Config!$D$15:$D$18,MATCH($S33,Config!$B$15:$B$18,0))-INDEX(Config!$C$15:$C$18,MATCH($S33,Config!$B$15:$B$18,0)))*1440,0)),"")) -> 0.97333333
A34: 46239 | B34: 13026344-5 | C34: =IFERROR(INDEX(Ejecutivos!$B$2:$B$100,MATCH(B34,Ejecutivos!$A$2:$A$100,0)),"") -> KATIA HALD | D34: 08:30 | E34: 18:32 | F34: 15:37 | G34: 16:37 | H34: 16 | I34: 15 | J34: 12 | K34: 1 | L34: 0 | M34: =IF(OR(D34="",E34=""),"",ROUND(((E34-D34)*24)-((G34-F34)*24)-((H34+I34)/60),2)) -> 8.52 | N34: =IF(OR($D34="",$S34=""),"",IFERROR(MAX(0,ROUND(($D34-INDEX(Config!$C$15:$C$18,MATCH($S34,Config!$B$15:$B$18,0)))*24*60,0)),"")) -> 0 | O34: =IF(OR(F34="",G34=""),"",ROUND((G34-F34)*24*60,0)) -> 60 | P34: =IF(O34="","",O34+H34+I34) -> 91 | Q34: =IF(OR($P34="",$S34=""),"",IFERROR($P34-INDEX(Config!$E$15:$E$18,MATCH($S34,Config!$B$15:$B$18,0)),"")) -> 31 | R34: =IF($A34="","",IF($D34="","Ausente",IF($N34="","",IF($N34>0,"Atrasado","Puntual")))) -> Puntual | S34: =IF(OR($A34="",$C34=""),"",IFERROR(INDEX(Turno!$C$3:$V$32,MATCH($C34,Turno!$B$3:$B$32,0),MATCH(DAY($A34),Turno!$C$1:$V$1,0)),"")) -> A | T34: =IF(OR($E34="",$S34=""),"",IFERROR(MAX(0,ROUND((INDEX(Config!$D$15:$D$18,MATCH($S34,Config!$B$15:$B$18,0))-$E34)*1440,0)),"")) -> 0 | U34: =IF(OR($N34="",$T34=""),"",IFERROR(MAX(0,1-($N34+$T34+MAX(0,N($Q34)))/ROUND((INDEX(Config!$D$15:$D$18,MATCH($S34,Config!$B$15:$B$18,0))-INDEX(Config!$C$15:$C$18,MATCH($S34,Config!$B$15:$B$18,0)))*1440,0)),"")) -> 0.94833333
A35: 46239 | B35: 13638765-0 | C35: =IFERROR(INDEX(Ejecutivos!$B$2:$B$100,MATCH(B35,Ejecutivos!$A$2:$A$100,0)),"") -> MANUEL MONSALVE | D35: 08:29 | E35: 18:41 | F35: 13:28 | G35: 13:49 | H35: 0 | I35: 0 | J35: 12 | K35: 2 | L35: 0 | M35: =IF(OR(D35="",E35=""),"",ROUND(((E35-D35)*24)-((G35-F35)*24)-((H35+I35)/60),2)) -> 9.85 | N35: =IF(OR($D35="",$S35=""),"",IFERROR(MAX(0,ROUND(($D35-INDEX(Config!$C$15:$C$18,MATCH($S35,Config!$B$15:$B$18,0)))*24*60,0)),"")) -> 0 | O35: =IF(OR(F35="",G35=""),"",ROUND((G35-F35)*24*60,0)) -> 21 | P35: =IF(O35="","",O35+H35+I35) -> 21 | Q35: =IF(OR($P35="",$S35=""),"",IFERROR($P35-INDEX(Config!$E$15:$E$18,MATCH($S35,Config!$B$15:$B$18,0)),"")) -> -39 | R35: =IF($A35="","",IF($D35="","Ausente",IF($N35="","",IF($N35>0,"Atrasado","Puntual")))) -> Puntual | S35: =IF(OR($A35="",$C35=""),"",IFERROR(INDEX(Turno!$C$3:$V$32,MATCH($C35,Turno!$B$3:$B$32,0),MATCH(DAY($A35),Turno!$C$1:$V$1,0)),"")) -> A | T35: =IF(OR($E35="",$S35=""),"",IFERROR(MAX(0,ROUND((INDEX(Config!$D$15:$D$18,MATCH($S35,Config!$B$15:$B$18,0))-$E35)*1440,0)),"")) -> 0 | U35: =IF(OR($N35="",$T35=""),"",IFERROR(MAX(0,1-($N35+$T35+MAX(0,N($Q35)))/ROUND((INDEX(Config!$D$15:$D$18,MATCH($S35,Config!$B$15:$B$18,0))-INDEX(Config!$C$15:$C$18,MATCH($S35,Config!$B$15:$B$18,0)))*1440,0)),"")) -> 1
A36: 46239 | B36: 13337549-K | C36: =IFERROR(INDEX(Ejecutivos!$B$2:$B$100,MATCH(B36,Ejecutivos!$A$2:$A$100,0)),"") -> MANUELA ASTUDILLO | D36: 08:31 | E36: 18:00 | F36: 14:41 | G36: 15:12 | H36: 16 | I36: 15 | J36: 20 | K36: 2 | L36: 0 | M36: =IF(OR(D36="",E36=""),"",ROUND(((E36-D36)*24)-((G36-F36)*24)-((H36+I36)/60),2)) -> 8.45 | N36: =IF(OR($D36="",$S36=""),"",IFERROR(MAX(0,ROUND(($D36-INDEX(Config!$C$15:$C$18,MATCH($S36,Config!$B$15:$B$18,0)))*24*60,0)),"")) -> 1 | O36: =IF(OR(F36="",G36=""),"",ROUND((G36-F36)*24*60,0)) -> 31 | P36: =IF(O36="","",O36+H36+I36) -> 62 | Q36: =IF(OR($P36="",$S36=""),"",IFERROR($P36-INDEX(Config!$E$15:$E$18,MATCH($S36,Config!$B$15:$B$18,0)),"")) -> 2 | R36: =IF($A36="","",IF($D36="","Ausente",IF($N36="","",IF($N36>0,"Atrasado","Puntual")))) -> Atrasado | S36: =IF(OR($A36="",$C36=""),"",IFERROR(INDEX(Turno!$C$3:$V$32,MATCH($C36,Turno!$B$3:$B$32,0),MATCH(DAY($A36),Turno!$C$1:$V$1,0)),"")) -> A | T36: =IF(OR($E36="",$S36=""),"",IFERROR(MAX(0,ROUND((INDEX(Config!$D$15:$D$18,MATCH($S36,Config!$B$15:$B$18,0))-$E36)*1440,0)),"")) -> 30 | U36: =IF(OR($N36="",$T36=""),"",IFERROR(MAX(0,1-($N36+$T36+MAX(0,N($Q36)))/ROUND((INDEX(Config!$D$15:$D$18,MATCH($S36,Config!$B$15:$B$18,0))-INDEX(Config!$C$15:$C$18,MATCH($S36,Config!$B$15:$B$18,0)))*1440,0)),"")) -> 0.945
A37: 46239 | B37: 18123009-6 | C37: =IFERROR(INDEX(Ejecutivos!$B$2:$B$100,MATCH(B37,Ejecutivos!$A$2:$A$100,0)),"") -> MAXIMILIANO OLIVARES | D37: 08:30 | E37: 18:30 | F37: 12:09 | G37: 13:09 | H37: 15 | I37: 15 | J37: 11 | K37: 4 | L37: 0 | M37: =IF(OR(D37="",E37=""),"",ROUND(((E37-D37)*24)-((G37-F37)*24)-((H37+I37)/60),2)) -> 8.5 | N37: =IF(OR($D37="",$S37=""),"",IFERROR(MAX(0,ROUND(($D37-INDEX(Config!$C$15:$C$18,MATCH($S37,Config!$B$15:$B$18,0)))*24*60,0)),"")) -> 0 | O37: =IF(OR(F37="",G37=""),"",ROUND((G37-F37)*24*60,0)) -> 60 | P37: =IF(O37="","",O37+H37+I37) -> 90 | Q37: =IF(OR($P37="",$S37=""),"",IFERROR($P37-INDEX(Config!$E$15:$E$18,MATCH($S37,Config!$B$15:$B$18,0)),"")) -> 30 | R37: =IF($A37="","",IF($D37="","Ausente",IF($N37="","",IF($N37>0,"Atrasado","Puntual")))) -> Puntual | S37: =IF(OR($A37="",$C37=""),"",IFERROR(INDEX(Turno!$C$3:$V$32,MATCH($C37,Turno!$B$3:$B$32,0),MATCH(DAY($A37),Turno!$C$1:$V$1,0)),"")) -> A | T37: =IF(OR($E37="",$S37=""),"",IFERROR(MAX(0,ROUND((INDEX(Config!$D$15:$D$18,MATCH($S37,Config!$B$15:$B$18,0))-$E37)*1440,0)),"")) -> 0 | U37: =IF(OR($N37="",$T37=""),"",IFERROR(MAX(0,1-($N37+$T37+MAX(0,N($Q37)))/ROUND((INDEX(Config!$D$15:$D$18,MATCH($S37,Config!$B$15:$B$18,0))-INDEX(Config!$C$15:$C$18,MATCH($S37,Config!$B$15:$B$18,0)))*1440,0)),"")) -> 0.95
A38: 46239 | B38: 19421111-2 | C38: =IFERROR(INDEX(Ejecutivos!$B$2:$B$100,MATCH(B38,Ejecutivos!$A$2:$A$100,0)),"") -> MELISSA SALGADO | D38: 08:30 | E38: 16:02 | F38: 12:42 | G38: 13:12 | H38: 15 | I38: 15 | J38: 19 | K38: 2 | L38: 0 | M38: =IF(OR(D38="",E38=""),"",ROUND(((E38-D38)*24)-((G38-F38)*24)-((H38+I38)/60),2)) -> 6.53 | N38: =IF(OR($D38="",$S38=""),"",IFERROR(MAX(0,ROUND(($D38-INDEX(Config!$C$15:$C$18,MATCH($S38,Config!$B$15:$B$18,0)))*24*60,0)),"")) -> 0 | O38: =IF(OR(F38="",G38=""),"",ROUND((G38-F38)*24*60,0)) -> 30 | P38: =IF(O38="","",O38+H38+I38) -> 60 | Q38: =IF(OR($P38="",$S38=""),"",IFERROR($P38-INDEX(Config!$E$15:$E$18,MATCH($S38,Config!$B$15:$B$18,0)),"")) -> 0 | R38: =IF($A38="","",IF($D38="","Ausente",IF($N38="","",IF($N38>0,"Atrasado","Puntual")))) -> Puntual | S38: =IF(OR($A38="",$C38=""),"",IFERROR(INDEX(Turno!$C$3:$V$32,MATCH($C38,Turno!$B$3:$B$32,0),MATCH(DAY($A38),Turno!$C$1:$V$1,0)),"")) -> A | T38: =IF(OR($E38="",$S38=""),"",IFERROR(MAX(0,ROUND((INDEX(Config!$D$15:$D$18,MATCH($S38,Config!$B$15:$B$18,0))-$E38)*1440,0)),"")) -> 148 | U38: =IF(OR($N38="",$T38=""),"",IFERROR(MAX(0,1-($N38+$T38+MAX(0,N($Q38)))/ROUND((INDEX(Config!$D$15:$D$18,MATCH($S38,Config!$B$15:$B$18,0))-INDEX(Config!$C$15:$C$18,MATCH($S38,Config!$B$15:$B$18,0)))*1440,0)),"")) -> 0.75333333
A39: 46239 | B39: 27105214-6 | C39: =IFERROR(INDEX(Ejecutivos!$B$2:$B$100,MATCH(B39,Ejecutivos!$A$2:$A$100,0)),"") -> NANCI MENDEZ | D39: 08:31 | E39: 16:31 | F39: 12:32 | G39: 13:33 | H39: 17 | I39: 16 | J39: 0 | K39: 0 | L39: 0 | M39: =IF(OR(D39="",E39=""),"",ROUND(((E39-D39)*24)-((G39-F39)*24)-((H39+I39)/60),2)) -> 6.43 | N39: =IF(OR($D39="",$S39=""),"",IFERROR(MAX(0,ROUND(($D39-INDEX(Config!$C$15:$C$18,MATCH($S39,Config!$B$15:$B$18,0)))*24*60,0)),"")) -> 1 | O39: =IF(OR(F39="",G39=""),"",ROUND((G39-F39)*24*60,0)) -> 61 | P39: =IF(O39="","",O39+H39+I39) -> 94 | Q39: =IF(OR($P39="",$S39=""),"",IFERROR($P39-INDEX(Config!$E$15:$E$18,MATCH($S39,Config!$B$15:$B$18,0)),"")) -> 34 | R39: =IF($A39="","",IF($D39="","Ausente",IF($N39="","",IF($N39>0,"Atrasado","Puntual")))) -> Atrasado | S39: =IF(OR($A39="",$C39=""),"",IFERROR(INDEX(Turno!$C$3:$V$32,MATCH($C39,Turno!$B$3:$B$32,0),MATCH(DAY($A39),Turno!$C$1:$V$1,0)),"")) -> C | T39: =IF(OR($E39="",$S39=""),"",IFERROR(MAX(0,ROUND((INDEX(Config!$D$15:$D$18,MATCH($S39,Config!$B$15:$B$18,0))-$E39)*1440,0)),"")) -> 0 | U39: =IF(OR($N39="",$T39=""),"",IFERROR(MAX(0,1-($N39+$T39+MAX(0,N($Q39)))/ROUND((INDEX(Config!$D$15:$D$18,MATCH($S39,Config!$B$15:$B$18,0))-INDEX(Config!$C$15:$C$18,MATCH($S39,Config!$B$15:$B$18,0)))*1440,0)),"")) -> 0.92708333
A40: 46239 | B40: 20828148-8 | C40: =IFERROR(INDEX(Ejecutivos!$B$2:$B$100,MATCH(B40,Ejecutivos!$A$2:$A$100,0)),"") -> TOMAS MAULEN | D40: 08:39 | E40: 22:30 | F40: 15:00 | G40: 15:32 | H40: 16 | I40: 16 | J40: 46 | K40: 15 | L40: 0 | M40: =IF(OR(D40="",E40=""),"",ROUND(((E40-D40)*24)-((G40-F40)*24)-((H40+I40)/60),2)) -> 12.78 | N40: =IF(OR($D40="",$S40=""),"",IFERROR(MAX(0,ROUND(($D40-INDEX(Config!$C$15:$C$18,MATCH($S40,Config!$B$15:$B$18,0)))*24*60,0)),"")) -> 9 | O40: =IF(OR(F40="",G40=""),"",ROUND((G40-F40)*24*60,0)) -> 32 | P40: =IF(O40="","",O40+H40+I40) -> 64 | Q40: =IF(OR($P40="",$S40=""),"",IFERROR($P40-INDEX(Config!$E$15:$E$18,MATCH($S40,Config!$B$15:$B$18,0)),"")) -> 4 | R40: =IF($A40="","",IF($D40="","Ausente",IF($N40="","",IF($N40>0,"Atrasado","Puntual")))) -> Atrasado | S40: =IF(OR($A40="",$C40=""),"",IFERROR(INDEX(Turno!$C$3:$V$32,MATCH($C40,Turno!$B$3:$B$32,0),MATCH(DAY($A40),Turno!$C$1:$V$1,0)),"")) -> C | T40: =IF(OR($E40="",$S40=""),"",IFERROR(MAX(0,ROUND((INDEX(Config!$D$15:$D$18,MATCH($S40,Config!$B$15:$B$18,0))-$E40)*1440,0)),"")) -> 0 | U40: =IF(OR($N40="",$T40=""),"",IFERROR(MAX(0,1-($N40+$T40+MAX(0,N($Q40)))/ROUND((INDEX(Config!$D$15:$D$18,MATCH($S40,Config!$B$15:$B$18,0))-INDEX(Config!$C$15:$C$18,MATCH($S40,Config!$B$15:$B$18,0)))*1440,0)),"")) -> 0.97291667
A41: 06-08-2026 | B41: 26612947-5 | C41: =IFERROR(INDEX(Ejecutivos!$B$2:$B$100,MATCH(B41,Ejecutivos!$A$2:$A$100,0)),"") -> ALEJANDRA CHACON | D41: 08:36 | E41: 17:03 | F41: 14:00 | G41: 14:31 | H41: 16 | I41: 16 | J41: 15 | K41: 2 | L41: 0 | M41: =IF(OR(D41="",E41=""),"",ROUND(((E41-D41)*24)-((G41-F41)*24)-((H41+I41)/60),2)) -> 7.4 | N41: =IF(OR($D41="",$S41=""),"",IFERROR(MAX(0,ROUND(($D41-INDEX(Config!$C$15:$C$18,MATCH($S41,Config!$B$15:$B$18,0)))*24*60,0)),"")) -> 6 | O41: =IF(OR(F41="",G41=""),"",ROUND((G41-F41)*24*60,0)) -> 31 | P41: =IF(O41="","",O41+H41+I41) -> 63 | Q41: =IF(OR($P41="",$S41=""),"",IFERROR($P41-INDEX(Config!$E$15:$E$18,MATCH($S41,Config!$B$15:$B$18,0)),"")) -> 3 | R41: =IF($A41="","",IF($D41="","Ausente",IF($N41="","",IF($N41>0,"Atrasado","Puntual")))) -> Atrasado | S41: =IF(OR($A41="",$C41=""),"",IFERROR(INDEX(Turno!$C$3:$V$32,MATCH($C41,Turno!$B$3:$B$32,0),MATCH(DAY($A41),Turno!$C$1:$V$1,0)),"")) -> B | T41: =IF(OR($E41="",$S41=""),"",IFERROR(MAX(0,ROUND((INDEX(Config!$D$15:$D$18,MATCH($S41,Config!$B$15:$B$18,0))-$E41)*1440,0)),"")) -> 27 | U41: =IF(OR($N41="",$T41=""),"",IFERROR(MAX(0,1-($N41+$T41+MAX(0,N($Q41)))/ROUND((INDEX(Config!$D$15:$D$18,MATCH($S41,Config!$B$15:$B$18,0))-INDEX(Config!$C$15:$C$18,MATCH($S41,Config!$B$15:$B$18,0)))*1440,0)),"")) -> 0.93333333
A42: 06-08-2026 | B42: 13093458-7 | C42: =IFERROR(INDEX(Ejecutivos!$B$2:$B$100,MATCH(B42,Ejecutivos!$A$2:$A$100,0)),"") -> ALEJANDRA ORELLANA | D42: 08:30 | E42: 18:34 | F42: 12:09 | G42: 13:09 | H42: 15 | I42: 16 | J42: 4 | K42: 1 | L42: 0 | M42: =IF(OR(D42="",E42=""),"",ROUND(((E42-D42)*24)-((G42-F42)*24)-((H42+I42)/60),2)) -> 8.55 | N42: =IF(OR($D42="",$S42=""),"",IFERROR(MAX(0,ROUND(($D42-INDEX(Config!$C$15:$C$18,MATCH($S42,Config!$B$15:$B$18,0)))*24*60,0)),"")) -> 0 | O42: =IF(OR(F42="",G42=""),"",ROUND((G42-F42)*24*60,0)) -> 60 | P42: =IF(O42="","",O42+H42+I42) -> 91 | Q42: =IF(OR($P42="",$S42=""),"",IFERROR($P42-INDEX(Config!$E$15:$E$18,MATCH($S42,Config!$B$15:$B$18,0)),"")) -> 31 | R42: =IF($A42="","",IF($D42="","Ausente",IF($N42="","",IF($N42>0,"Atrasado","Puntual")))) -> Puntual | S42: =IF(OR($A42="",$C42=""),"",IFERROR(INDEX(Turno!$C$3:$V$32,MATCH($C42,Turno!$B$3:$B$32,0),MATCH(DAY($A42),Turno!$C$1:$V$1,0)),"")) -> A | T42: =IF(OR($E42="",$S42=""),"",IFERROR(MAX(0,ROUND((INDEX(Config!$D$15:$D$18,MATCH($S42,Config!$B$15:$B$18,0))-$E42)*1440,0)),"")) -> 0 | U42: =IF(OR($N42="",$T42=""),"",IFERROR(MAX(0,1-($N42+$T42+MAX(0,N($Q42)))/ROUND((INDEX(Config!$D$15:$D$18,MATCH($S42,Config!$B$15:$B$18,0))-INDEX(Config!$C$15:$C$18,MATCH($S42,Config!$B$15:$B$18,0)))*1440,0)),"")) -> 0.94833333
A43: 06-08-2026 | B43: 13336644-k | C43: =IFERROR(INDEX(Ejecutivos!$B$2:$B$100,MATCH(B43,Ejecutivos!$A$2:$A$100,0)),"") -> ANA ASTORGA | D43: 08:30 | E43: 18:31 | F43: 13:00 | G43: 14:01 | H43: 14 | I43: 14 | J43: 10 | K43: 3 | L43: 0 | M43: =IF(OR(D43="",E43=""),"",ROUND(((E43-D43)*24)-((G43-F43)*24)-((H43+I43)/60),2)) -> 8.53 | N43: =IF(OR($D43="",$S43=""),"",IFERROR(MAX(0,ROUND(($D43-INDEX(Config!$C$15:$C$18,MATCH($S43,Config!$B$15:$B$18,0)))*24*60,0)),"")) -> 0 | O43: =IF(OR(F43="",G43=""),"",ROUND((G43-F43)*24*60,0)) -> 61 | P43: =IF(O43="","",O43+H43+I43) -> 89 | Q43: =IF(OR($P43="",$S43=""),"",IFERROR($P43-INDEX(Config!$E$15:$E$18,MATCH($S43,Config!$B$15:$B$18,0)),"")) -> 29 | R43: =IF($A43="","",IF($D43="","Ausente",IF($N43="","",IF($N43>0,"Atrasado","Puntual")))) -> Puntual | S43: =IF(OR($A43="",$C43=""),"",IFERROR(INDEX(Turno!$C$3:$V$32,MATCH($C43,Turno!$B$3:$B$32,0),MATCH(DAY($A43),Turno!$C$1:$V$1,0)),"")) -> A | T43: =IF(OR($E43="",$S43=""),"",IFERROR(MAX(0,ROUND((INDEX(Config!$D$15:$D$18,MATCH($S43,Config!$B$15:$B$18,0))-$E43)*1440,0)),"")) -> 0 | U43: =IF(OR($N43="",$T43=""),"",IFERROR(MAX(0,1-($N43+$T43+MAX(0,N($Q43)))/ROUND((INDEX(Config!$D$15:$D$18,MATCH($S43,Config!$B$15:$B$18,0))-INDEX(Config!$C$15:$C$18,MATCH($S43,Config!$B$15:$B$18,0)))*1440,0)),"")) -> 0.95166667
A44: 06-08-2026 | B44: 19060841-7 | C44: =IFERROR(INDEX(Ejecutivos!$B$2:$B$100,MATCH(B44,Ejecutivos!$A$2:$A$100,0)),"") -> ATALY GARCIA | D44: 09:29 | E44: 18:39 | F44: 13:42 | G44: 14:12 | H44: 15 | I44: 15 | J44: 11 | K44: 3 | L44: 0 | M44: =IF(OR(D44="",E44=""),"",ROUND(((E44-D44)*24)-((G44-F44)*24)-((H44+I44)/60),2)) -> 8.17 | N44: =IF(OR($D44="",$S44=""),"",IFERROR(MAX(0,ROUND(($D44-INDEX(Config!$C$15:$C$18,MATCH($S44,Config!$B$15:$B$18,0)))*24*60,0)),"")) -> 0 | O44: =IF(OR(F44="",G44=""),"",ROUND((G44-F44)*24*60,0)) -> 30 | P44: =IF(O44="","",O44+H44+I44) -> 60 | Q44: =IF(OR($P44="",$S44=""),"",IFERROR($P44-INDEX(Config!$E$15:$E$18,MATCH($S44,Config!$B$15:$B$18,0)),"")) -> 0 | R44: =IF($A44="","",IF($D44="","Ausente",IF($N44="","",IF($N44>0,"Atrasado","Puntual")))) -> Puntual | S44: =IF(OR($A44="",$C44=""),"",IFERROR(INDEX(Turno!$C$3:$V$32,MATCH($C44,Turno!$B$3:$B$32,0),MATCH(DAY($A44),Turno!$C$1:$V$1,0)),"")) -> D | T44: =IF(OR($E44="",$S44=""),"",IFERROR(MAX(0,ROUND((INDEX(Config!$D$15:$D$18,MATCH($S44,Config!$B$15:$B$18,0))-$E44)*1440,0)),"")) -> 0 | U44: =IF(OR($N44="",$T44=""),"",IFERROR(MAX(0,1-($N44+$T44+MAX(0,N($Q44)))/ROUND((INDEX(Config!$D$15:$D$18,MATCH($S44,Config!$B$15:$B$18,0))-INDEX(Config!$C$15:$C$18,MATCH($S44,Config!$B$15:$B$18,0)))*1440,0)),"")) -> 1
A45: 06-08-2026 | B45: 18696966-9 | C45: =IFERROR(INDEX(Ejecutivos!$B$2:$B$100,MATCH(B45,Ejecutivos!$A$2:$A$100,0)),"") -> CATHERINE AEDO | D45: 08:30 | E45: 18:30 | F45: 13:36 | G45: 14:41 | H45: 18 | I45: 10 | J45: 12 | K45: 3 | L45: 0 | M45: =IF(OR(D45="",E45=""),"",ROUND(((E45-D45)*24)-((G45-F45)*24)-((H45+I45)/60),2)) -> 8.45 | N45: =IF(OR($D45="",$S45=""),"",IFERROR(MAX(0,ROUND(($D45-INDEX(Config!$C$15:$C$18,MATCH($S45,Config!$B$15:$B$18,0)))*24*60,0)),"")) -> 0 | O45: =IF(OR(F45="",G45=""),"",ROUND((G45-F45)*24*60,0)) -> 65 | P45: =IF(O45="","",O45+H45+I45) -> 93 | Q45: =IF(OR($P45="",$S45=""),"",IFERROR($P45-INDEX(Config!$E$15:$E$18,MATCH($S45,Config!$B$15:$B$18,0)),"")) -> 33 | R45: =IF($A45="","",IF($D45="","Ausente",IF($N45="","",IF($N45>0,"Atrasado","Puntual")))) -> Puntual | S45: =IF(OR($A45="",$C45=""),"",IFERROR(INDEX(Turno!$C$3:$V$32,MATCH($C45,Turno!$B$3:$B$32,0),MATCH(DAY($A45),Turno!$C$1:$V$1,0)),"")) -> A | T45: =IF(OR($E45="",$S45=""),"",IFERROR(MAX(0,ROUND((INDEX(Config!$D$15:$D$18,MATCH($S45,Config!$B$15:$B$18,0))-$E45)*1440,0)),"")) -> 0 | U45: =IF(OR($N45="",$T45=""),"",IFERROR(MAX(0,1-($N45+$T45+MAX(0,N($Q45)))/ROUND((INDEX(Config!$D$15:$D$18,MATCH($S45,Config!$B$15:$B$18,0))-INDEX(Config!$C$15:$C$18,MATCH($S45,Config!$B$15:$B$18,0)))*1440,0)),"")) -> 0.945
A46: 06-08-2026 | B46: 18637622-6 | C46: =IFERROR(INDEX(Ejecutivos!$B$2:$B$100,MATCH(B46,Ejecutivos!$A$2:$A$100,0)),"") -> DANIELA RODRIGUEZ | D46: 08:30 | E46: 18:30 | F46: 15:02 | G46: 15:59 | H46: 16 | I46: 15 | J46: 24 | K46: 7 | L46: 0 | M46: =IF(OR(D46="",E46=""),"",ROUND(((E46-D46)*24)-((G46-F46)*24)-((H46+I46)/60),2)) -> 8.53 | N46: =IF(OR($D46="",$S46=""),"",IFERROR(MAX(0,ROUND(($D46-INDEX(Config!$C$15:$C$18,MATCH($S46,Config!$B$15:$B$18,0)))*24*60,0)),"")) -> 0 | O46: =IF(OR(F46="",G46=""),"",ROUND((G46-F46)*24*60,0)) -> 57 | P46: =IF(O46="","",O46+H46+I46) -> 88 | Q46: =IF(OR($P46="",$S46=""),"",IFERROR($P46-INDEX(Config!$E$15:$E$18,MATCH($S46,Config!$B$15:$B$18,0)),"")) -> 28 | R46: =IF($A46="","",IF($D46="","Ausente",IF($N46="","",IF($N46>0,"Atrasado","Puntual")))) -> Puntual | S46: =IF(OR($A46="",$C46=""),"",IFERROR(INDEX(Turno!$C$3:$V$32,MATCH($C46,Turno!$B$3:$B$32,0),MATCH(DAY($A46),Turno!$C$1:$V$1,0)),"")) -> A | T46: =IF(OR($E46="",$S46=""),"",IFERROR(MAX(0,ROUND((INDEX(Config!$D$15:$D$18,MATCH($S46,Config!$B$15:$B$18,0))-$E46)*1440,0)),"")) -> 0 | U46: =IF(OR($N46="",$T46=""),"",IFERROR(MAX(0,1-($N46+$T46+MAX(0,N($Q46)))/ROUND((INDEX(Config!$D$15:$D$18,MATCH($S46,Config!$B$15:$B$18,0))-INDEX(Config!$C$15:$C$18,MATCH($S46,Config!$B$15:$B$18,0)))*1440,0)),"")) -> 0.95333333
A47: 06-08-2026 | B47: 14364155-4 | C47: =IFERROR(INDEX(Ejecutivos!$B$2:$B$100,MATCH(B47,Ejecutivos!$A$2:$A$100,0)),"") -> ELSA GONGORA | D47: 08:42 | E47: 18:49 | F47: 0 | G47: 0 | H47: 0 | I47: 0 | J47: 0 | K47: 0 | L47: 0 | M47: =IF(OR(D47="",E47=""),"",ROUND(((E47-D47)*24)-((G47-F47)*24)-((H47+I47)/60),2)) -> 10.12 | N47: =IF(OR($D47="",$S47=""),"",IFERROR(MAX(0,ROUND(($D47-INDEX(Config!$C$15:$C$18,MATCH($S47,Config!$B$15:$B$18,0)))*24*60,0)),"")) -> 12 | O47: =IF(OR(F47="",G47=""),"",ROUND((G47-F47)*24*60,0)) -> 0 | P47: =IF(O47="","",O47+H47+I47) -> 0 | Q47: =IF(OR($P47="",$S47=""),"",IFERROR($P47-INDEX(Config!$E$15:$E$18,MATCH($S47,Config!$B$15:$B$18,0)),"")) -> -60 | R47: =IF($A47="","",IF($D47="","Ausente",IF($N47="","",IF($N47>0,"Atrasado","Puntual")))) -> Atrasado | S47: =IF(OR($A47="",$C47=""),"",IFERROR(INDEX(Turno!$C$3:$V$32,MATCH($C47,Turno!$B$3:$B$32,0),MATCH(DAY($A47),Turno!$C$1:$V$1,0)),"")) -> C | T47: =IF(OR($E47="",$S47=""),"",IFERROR(MAX(0,ROUND((INDEX(Config!$D$15:$D$18,MATCH($S47,Config!$B$15:$B$18,0))-$E47)*1440,0)),"")) -> 0 | U47: =IF(OR($N47="",$T47=""),"",IFERROR(MAX(0,1-($N47+$T47+MAX(0,N($Q47)))/ROUND((INDEX(Config!$D$15:$D$18,MATCH($S47,Config!$B$15:$B$18,0))-INDEX(Config!$C$15:$C$18,MATCH($S47,Config!$B$15:$B$18,0)))*1440,0)),"")) -> 0.975
A48: 06-08-2026 | B48: 16117577-3 | C48: =IFERROR(INDEX(Ejecutivos!$B$2:$B$100,MATCH(B48,Ejecutivos!$A$2:$A$100,0)),"") -> JOHANA LLANCAPICHUN | D48: 08:30 | E48: 18:52 | F48: 14:03 | G48: 15:03 | H48: 15 | I48: 14 | J48: 0 | K48: 0 | L48: 0 | M48: =IF(OR(D48="",E48=""),"",ROUND(((E48-D48)*24)-((G48-F48)*24)-((H48+I48)/60),2)) -> 8.88 | N48: =IF(OR($D48="",$S48=""),"",IFERROR(MAX(0,ROUND(($D48-INDEX(Config!$C$15:$C$18,MATCH($S48,Config!$B$15:$B$18,0)))*24*60,0)),"")) -> 0 | O48: =IF(OR(F48="",G48=""),"",ROUND((G48-F48)*24*60,0)) -> 60 | P48: =IF(O48="","",O48+H48+I48) -> 89 | Q48: =IF(OR($P48="",$S48=""),"",IFERROR($P48-INDEX(Config!$E$15:$E$18,MATCH($S48,Config!$B$15:$B$18,0)),"")) -> 29 | R48: =IF($A48="","",IF($D48="","Ausente",IF($N48="","",IF($N48>0,"Atrasado","Puntual")))) -> Puntual | S48: =IF(OR($A48="",$C48=""),"",IFERROR(INDEX(Turno!$C$3:$V$32,MATCH($C48,Turno!$B$3:$B$32,0),MATCH(DAY($A48),Turno!$C$1:$V$1,0)),"")) -> B | T48: =IF(OR($E48="",$S48=""),"",IFERROR(MAX(0,ROUND((INDEX(Config!$D$15:$D$18,MATCH($S48,Config!$B$15:$B$18,0))-$E48)*1440,0)),"")) -> 0 | U48: =IF(OR($N48="",$T48=""),"",IFERROR(MAX(0,1-($N48+$T48+MAX(0,N($Q48)))/ROUND((INDEX(Config!$D$15:$D$18,MATCH($S48,Config!$B$15:$B$18,0))-INDEX(Config!$C$15:$C$18,MATCH($S48,Config!$B$15:$B$18,0)))*1440,0)),"")) -> 0.9462963
A49: 06-08-2026 | B49: 13026344-5 | C49: =IFERROR(INDEX(Ejecutivos!$B$2:$B$100,MATCH(B49,Ejecutivos!$A$2:$A$100,0)),"") -> KATIA HALD | D49: 08:30 | E49: 17:07 | F49: 15:07 | G49: 15:38 | H49: 17 | I49: 16 | J49: 14 | K49: 1 | L49: 0 | M49: =IF(OR(D49="",E49=""),"",ROUND(((E49-D49)*24)-((G49-F49)*24)-((H49+I49)/60),2)) -> 7.55 | N49: =IF(OR($D49="",$S49=""),"",IFERROR(MAX(0,ROUND(($D49-INDEX(Config!$C$15:$C$18,MATCH($S49,Config!$B$15:$B$18,0)))*24*60,0)),"")) -> 0 | O49: =IF(OR(F49="",G49=""),"",ROUND((G49-F49)*24*60,0)) -> 31 | P49: =IF(O49="","",O49+H49+I49) -> 64 | Q49: =IF(OR($P49="",$S49=""),"",IFERROR($P49-INDEX(Config!$E$15:$E$18,MATCH($S49,Config!$B$15:$B$18,0)),"")) -> 4 | R49: =IF($A49="","",IF($D49="","Ausente",IF($N49="","",IF($N49>0,"Atrasado","Puntual")))) -> Puntual | S49: =IF(OR($A49="",$C49=""),"",IFERROR(INDEX(Turno!$C$3:$V$32,MATCH($C49,Turno!$B$3:$B$32,0),MATCH(DAY($A49),Turno!$C$1:$V$1,0)),"")) -> B | T49: =IF(OR($E49="",$S49=""),"",IFERROR(MAX(0,ROUND((INDEX(Config!$D$15:$D$18,MATCH($S49,Config!$B$15:$B$18,0))-$E49)*1440,0)),"")) -> 23 | U49: =IF(OR($N49="",$T49=""),"",IFERROR(MAX(0,1-($N49+$T49+MAX(0,N($Q49)))/ROUND((INDEX(Config!$D$15:$D$18,MATCH($S49,Config!$B$15:$B$18,0))-INDEX(Config!$C$15:$C$18,MATCH($S49,Config!$B$15:$B$18,0)))*1440,0)),"")) -> 0.95
A50: 06-08-2026 | B50: 13638765-0 | C50: =IFERROR(INDEX(Ejecutivos!$B$2:$B$100,MATCH(B50,Ejecutivos!$A$2:$A$100,0)),"") -> MANUEL MONSALVE | D50: 08:26 | E50: 16:37 | F50: 13:47 | G50: 14:04 | H50: 0 | I50: 0 | J50: 10 | K50: 1 | L50: 0 | M50: =IF(OR(D50="",E50=""),"",ROUND(((E50-D50)*24)-((G50-F50)*24)-((H50+I50)/60),2)) -> 7.9 | N50: =IF(OR($D50="",$S50=""),"",IFERROR(MAX(0,ROUND(($D50-INDEX(Config!$C$15:$C$18,MATCH($S50,Config!$B$15:$B$18,0)))*24*60,0)),"")) -> 0 | O50: =IF(OR(F50="",G50=""),"",ROUND((G50-F50)*24*60,0)) -> 17 | P50: =IF(O50="","",O50+H50+I50) -> 17 | Q50: =IF(OR($P50="",$S50=""),"",IFERROR($P50-INDEX(Config!$E$15:$E$18,MATCH($S50,Config!$B$15:$B$18,0)),"")) -> -43 | R50: =IF($A50="","",IF($D50="","Ausente",IF($N50="","",IF($N50>0,"Atrasado","Puntual")))) -> Puntual | S50: =IF(OR($A50="",$C50=""),"",IFERROR(INDEX(Turno!$C$3:$V$32,MATCH($C50,Turno!$B$3:$B$32,0),MATCH(DAY($A50),Turno!$C$1:$V$1,0)),"")) -> C | T50: =IF(OR($E50="",$S50=""),"",IFERROR(MAX(0,ROUND((INDEX(Config!$D$15:$D$18,MATCH($S50,Config!$B$15:$B$18,0))-$E50)*1440,0)),"")) -> 0 | U50: =IF(OR($N50="",$T50=""),"",IFERROR(MAX(0,1-($N50+$T50+MAX(0,N($Q50)))/ROUND((INDEX(Config!$D$15:$D$18,MATCH($S50,Config!$B$15:$B$18,0))-INDEX(Config!$C$15:$C$18,MATCH($S50,Config!$B$15:$B$18,0)))*1440,0)),"")) -> 1
A51: 06-08-2026 | B51: 13337549-K | C51: =IFERROR(INDEX(Ejecutivos!$B$2:$B$100,MATCH(B51,Ejecutivos!$A$2:$A$100,0)),"") -> MANUELA ASTUDILLO | D51: 08:30 | E51: 16:01 | F51: 14:30 | G51: 15:02 | H51: 16 | I51: 13 | J51: 15 | K51: 2 | L51: 0 | M51: =IF(OR(D51="",E51=""),"",ROUND(((E51-D51)*24)-((G51-F51)*24)-((H51+I51)/60),2)) -> 6.5 | N51: =IF(OR($D51="",$S51=""),"",IFERROR(MAX(0,ROUND(($D51-INDEX(Config!$C$15:$C$18,MATCH($S51,Config!$B$15:$B$18,0)))*24*60,0)),"")) -> 0 | O51: =IF(OR(F51="",G51=""),"",ROUND((G51-F51)*24*60,0)) -> 32 | P51: =IF(O51="","",O51+H51+I51) -> 61 | Q51: =IF(OR($P51="",$S51=""),"",IFERROR($P51-INDEX(Config!$E$15:$E$18,MATCH($S51,Config!$B$15:$B$18,0)),"")) -> 1 | R51: =IF($A51="","",IF($D51="","Ausente",IF($N51="","",IF($N51>0,"Atrasado","Puntual")))) -> Puntual | S51: =IF(OR($A51="",$C51=""),"",IFERROR(INDEX(Turno!$C$3:$V$32,MATCH($C51,Turno!$B$3:$B$32,0),MATCH(DAY($A51),Turno!$C$1:$V$1,0)),"")) -> C | T51: =IF(OR($E51="",$S51=""),"",IFERROR(MAX(0,ROUND((INDEX(Config!$D$15:$D$18,MATCH($S51,Config!$B$15:$B$18,0))-$E51)*1440,0)),"")) -> 29 | U51: =IF(OR($N51="",$T51=""),"",IFERROR(MAX(0,1-($N51+$T51+MAX(0,N($Q51)))/ROUND((INDEX(Config!$D$15:$D$18,MATCH($S51,Config!$B$15:$B$18,0))-INDEX(Config!$C$15:$C$18,MATCH($S51,Config!$B$15:$B$18,0)))*1440,0)),"")) -> 0.9375
A52: 06-08-2026 | B52: 18123009-6 | C52: =IFERROR(INDEX(Ejecutivos!$B$2:$B$100,MATCH(B52,Ejecutivos!$A$2:$A$100,0)),"") -> MAXIMILIANO OLIVARES | D52: 08:34 | E52: 16:01 | F52: 12:29 | G52: 12:34 | H52: 15 | I52: 17 | J52: 8 | K52: 3 | L52: 0 | M52: =IF(OR(D52="",E52=""),"",ROUND(((E52-D52)*24)-((G52-F52)*24)-((H52+I52)/60),2)) -> 6.83 | N52: =IF(OR($D52="",$S52=""),"",IFERROR(MAX(0,ROUND(($D52-INDEX(Config!$C$15:$C$18,MATCH($S52,Config!$B$15:$B$18,0)))*24*60,0)),"")) -> 4 | O52: =IF(OR(F52="",G52=""),"",ROUND((G52-F52)*24*60,0)) -> 5 | P52: =IF(O52="","",O52+H52+I52) -> 37 | Q52: =IF(OR($P52="",$S52=""),"",IFERROR($P52-INDEX(Config!$E$15:$E$18,MATCH($S52,Config!$B$15:$B$18,0)),"")) -> -23 | R52: =IF($A52="","",IF($D52="","Ausente",IF($N52="","",IF($N52>0,"Atrasado","Puntual")))) -> Atrasado | S52: =IF(OR($A52="",$C52=""),"",IFERROR(INDEX(Turno!$C$3:$V$32,MATCH($C52,Turno!$B$3:$B$32,0),MATCH(DAY($A52),Turno!$C$1:$V$1,0)),"")) -> A | T52: =IF(OR($E52="",$S52=""),"",IFERROR(MAX(0,ROUND((INDEX(Config!$D$15:$D$18,MATCH($S52,Config!$B$15:$B$18,0))-$E52)*1440,0)),"")) -> 149 | U52: =IF(OR($N52="",$T52=""),"",IFERROR(MAX(0,1-($N52+$T52+MAX(0,N($Q52)))/ROUND((INDEX(Config!$D$15:$D$18,MATCH($S52,Config!$B$15:$B$18,0))-INDEX(Config!$C$15:$C$18,MATCH($S52,Config!$B$15:$B$18,0)))*1440,0)),"")) -> 0.745
A53: 06-08-2026 | B53: 19421111-2 | C53: =IFERROR(INDEX(Ejecutivos!$B$2:$B$100,MATCH(B53,Ejecutivos!$A$2:$A$100,0)),"") -> MELISSA SALGADO | D53: 08:32 | E53: 18:35 | F53: 12:35 | G53: 13:35 | H53: 17 | I53: 16 | J53: 24 | K53: 6 | L53: 0 | M53: =IF(OR(D53="",E53=""),"",ROUND(((E53-D53)*24)-((G53-F53)*24)-((H53+I53)/60),2)) -> 8.5 | N53: =IF(OR($D53="",$S53=""),"",IFERROR(MAX(0,ROUND(($D53-INDEX(Config!$C$15:$C$18,MATCH($S53,Config!$B$15:$B$18,0)))*24*60,0)),"")) -> 2 | O53: =IF(OR(F53="",G53=""),"",ROUND((G53-F53)*24*60,0)) -> 60 | P53: =IF(O53="","",O53+H53+I53) -> 93 | Q53: =IF(OR($P53="",$S53=""),"",IFERROR($P53-INDEX(Config!$E$15:$E$18,MATCH($S53,Config!$B$15:$B$18,0)),"")) -> 33 | R53: =IF($A53="","",IF($D53="","Ausente",IF($N53="","",IF($N53>0,"Atrasado","Puntual")))) -> Atrasado | S53: =IF(OR($A53="",$C53=""),"",IFERROR(INDEX(Turno!$C$3:$V$32,MATCH($C53,Turno!$B$3:$B$32,0),MATCH(DAY($A53),Turno!$C$1:$V$1,0)),"")) -> C | T53: =IF(OR($E53="",$S53=""),"",IFERROR(MAX(0,ROUND((INDEX(Config!$D$15:$D$18,MATCH($S53,Config!$B$15:$B$18,0))-$E53)*1440,0)),"")) -> 0 | U53: =IF(OR($N53="",$T53=""),"",IFERROR(MAX(0,1-($N53+$T53+MAX(0,N($Q53)))/ROUND((INDEX(Config!$D$15:$D$18,MATCH($S53,Config!$B$15:$B$18,0))-INDEX(Config!$C$15:$C$18,MATCH($S53,Config!$B$15:$B$18,0)))*1440,0)),"")) -> 0.92708333
A54: 06-08-2026 | B54: 27105214-6 | C54: =IFERROR(INDEX(Ejecutivos!$B$2:$B$100,MATCH(B54,Ejecutivos!$A$2:$A$100,0)),"") -> NANCI MENDEZ | D54: 08:26 | E54: 18:42 | F54: 12:38 | G54: 13:39 | H54: 17 | I54: 15 | J54: 4 | K54: 1 | L54: 0 | M54: =IF(OR(D54="",E54=""),"",ROUND(((E54-D54)*24)-((G54-F54)*24)-((H54+I54)/60),2)) -> 8.72 | N54: =IF(OR($D54="",$S54=""),"",IFERROR(MAX(0,ROUND(($D54-INDEX(Config!$C$15:$C$18,MATCH($S54,Config!$B$15:$B$18,0)))*24*60,0)),"")) -> 0 | O54: =IF(OR(F54="",G54=""),"",ROUND((G54-F54)*24*60,0)) -> 61 | P54: =IF(O54="","",O54+H54+I54) -> 93 | Q54: =IF(OR($P54="",$S54=""),"",IFERROR($P54-INDEX(Config!$E$15:$E$18,MATCH($S54,Config!$B$15:$B$18,0)),"")) -> 33 | R54: =IF($A54="","",IF($D54="","Ausente",IF($N54="","",IF($N54>0,"Atrasado","Puntual")))) -> Puntual | S54: =IF(OR($A54="",$C54=""),"",IFERROR(INDEX(Turno!$C$3:$V$32,MATCH($C54,Turno!$B$3:$B$32,0),MATCH(DAY($A54),Turno!$C$1:$V$1,0)),"")) -> A | T54: =IF(OR($E54="",$S54=""),"",IFERROR(MAX(0,ROUND((INDEX(Config!$D$15:$D$18,MATCH($S54,Config!$B$15:$B$18,0))-$E54)*1440,0)),"")) -> 0 | U54: =IF(OR($N54="",$T54=""),"",IFERROR(MAX(0,1-($N54+$T54+MAX(0,N($Q54)))/ROUND((INDEX(Config!$D$15:$D$18,MATCH($S54,Config!$B$15:$B$18,0))-INDEX(Config!$C$15:$C$18,MATCH($S54,Config!$B$15:$B$18,0)))*1440,0)),"")) -> 0.945
A55: 06-08-2026 | B55: 20828148-8 | C55: =IFERROR(INDEX(Ejecutivos!$B$2:$B$100,MATCH(B55,Ejecutivos!$A$2:$A$100,0)),"") -> TOMAS MAULEN | D55: 08:32 | E55: 18:21 | F55: 15:03 | G55: 16:06 | H55: 16 | I55: 2 | J55: 34 | K55: 9 | L55: 0 | M55: =IF(OR(D55="",E55=""),"",ROUND(((E55-D55)*24)-((G55-F55)*24)-((H55+I55)/60),2)) -> 8.47 | N55: =IF(OR($D55="",$S55=""),"",IFERROR(MAX(0,ROUND(($D55-INDEX(Config!$C$15:$C$18,MATCH($S55,Config!$B$15:$B$18,0)))*24*60,0)),"")) -> 2 | O55: =IF(OR(F55="",G55=""),"",ROUND((G55-F55)*24*60,0)) -> 63 | P55: =IF(O55="","",O55+H55+I55) -> 81 | Q55: =IF(OR($P55="",$S55=""),"",IFERROR($P55-INDEX(Config!$E$15:$E$18,MATCH($S55,Config!$B$15:$B$18,0)),"")) -> 21 | R55: =IF($A55="","",IF($D55="","Ausente",IF($N55="","",IF($N55>0,"Atrasado","Puntual")))) -> Atrasado | S55: =IF(OR($A55="",$C55=""),"",IFERROR(INDEX(Turno!$C$3:$V$32,MATCH($C55,Turno!$B$3:$B$32,0),MATCH(DAY($A55),Turno!$C$1:$V$1,0)),"")) -> A | T55: =IF(OR($E55="",$S55=""),"",IFERROR(MAX(0,ROUND((INDEX(Config!$D$15:$D$18,MATCH($S55,Config!$B$15:$B$18,0))-$E55)*1440,0)),"")) -> 9 | U55: =IF(OR($N55="",$T55=""),"",IFERROR(MAX(0,1-($N55+$T55+MAX(0,N($Q55)))/ROUND((INDEX(Config!$D$15:$D$18,MATCH($S55,Config!$B$15:$B$18,0))-INDEX(Config!$C$15:$C$18,MATCH($S55,Config!$B$15:$B$18,0)))*1440,0)),"")) -> 0.94666667
A56: 07-08-2026 | B56: 26612947-5 | C56: =IFERROR(INDEX(Ejecutivos!$B$2:$B$100,MATCH(B56,Ejecutivos!$A$2:$A$100,0)),"") -> ALEJANDRA CHACON | D56: 08:30 | E56: 16:01 | F56: 14:04 | G56: 14:29 | H56: 0 | I56: 0 | J56: 0 | K56: 0 | L56: 0 | M56: =IF(OR(D56="",E56=""),"",ROUND(((E56-D56)*24)-((G56-F56)*24)-((H56+I56)/60),2)) -> 7.1 | N56: =IF(OR($D56="",$S56=""),"",IFERROR(MAX(0,ROUND(($D56-INDEX(Config!$C$15:$C$18,MATCH($S56,Config!$B$15:$B$18,0)))*24*60,0)),"")) -> 0 | O56: =IF(OR(F56="",G56=""),"",ROUND((G56-F56)*24*60,0)) -> 25 | P56: =IF(O56="","",O56+H56+I56) -> 25 | Q56: =IF(OR($P56="",$S56=""),"",IFERROR($P56-INDEX(Config!$E$15:$E$18,MATCH($S56,Config!$B$15:$B$18,0)),"")) -> -35 | R56: =IF($A56="","",IF($D56="","Ausente",IF($N56="","",IF($N56>0,"Atrasado","Puntual")))) -> Puntual | S56: =IF(OR($A56="",$C56=""),"",IFERROR(INDEX(Turno!$C$3:$V$32,MATCH($C56,Turno!$B$3:$B$32,0),MATCH(DAY($A56),Turno!$C$1:$V$1,0)),"")) -> C | T56: =IF(OR($E56="",$S56=""),"",IFERROR(MAX(0,ROUND((INDEX(Config!$D$15:$D$18,MATCH($S56,Config!$B$15:$B$18,0))-$E56)*1440,0)),"")) -> 29 | U56: =IF(OR($N56="",$T56=""),"",IFERROR(MAX(0,1-($N56+$T56+MAX(0,N($Q56)))/ROUND((INDEX(Config!$D$15:$D$18,MATCH($S56,Config!$B$15:$B$18,0))-INDEX(Config!$C$15:$C$18,MATCH($S56,Config!$B$15:$B$18,0)))*1440,0)),"")) -> 0.93958333
A57: 07-08-2026 | B57: 13093458-7 | C57: =IFERROR(INDEX(Ejecutivos!$B$2:$B$100,MATCH(B57,Ejecutivos!$A$2:$A$100,0)),"") -> ALEJANDRA ORELLANA | D57: 08:31 | E57: 16:27 | F57: 12:02 | G57: 12:32 | H57: 19 | I57: 15 | J57: 5 | K57: 2 | L57: 0 | M57: =IF(OR(D57="",E57=""),"",ROUND(((E57-D57)*24)-((G57-F57)*24)-((H57+I57)/60),2)) -> 6.87 | N57: =IF(OR($D57="",$S57=""),"",IFERROR(MAX(0,ROUND(($D57-INDEX(Config!$C$15:$C$18,MATCH($S57,Config!$B$15:$B$18,0)))*24*60,0)),"")) -> 1 | O57: =IF(OR(F57="",G57=""),"",ROUND((G57-F57)*24*60,0)) -> 30 | P57: =IF(O57="","",O57+H57+I57) -> 64 | Q57: =IF(OR($P57="",$S57=""),"",IFERROR($P57-INDEX(Config!$E$15:$E$18,MATCH($S57,Config!$B$15:$B$18,0)),"")) -> 4 | R57: =IF($A57="","",IF($D57="","Ausente",IF($N57="","",IF($N57>0,"Atrasado","Puntual")))) -> Atrasado | S57: =IF(OR($A57="",$C57=""),"",IFERROR(INDEX(Turno!$C$3:$V$32,MATCH($C57,Turno!$B$3:$B$32,0),MATCH(DAY($A57),Turno!$C$1:$V$1,0)),"")) -> C | T57: =IF(OR($E57="",$S57=""),"",IFERROR(MAX(0,ROUND((INDEX(Config!$D$15:$D$18,MATCH($S57,Config!$B$15:$B$18,0))-$E57)*1440,0)),"")) -> 3 | U57: =IF(OR($N57="",$T57=""),"",IFERROR(MAX(0,1-($N57+$T57+MAX(0,N($Q57)))/ROUND((INDEX(Config!$D$15:$D$18,MATCH($S57,Config!$B$15:$B$18,0))-INDEX(Config!$C$15:$C$18,MATCH($S57,Config!$B$15:$B$18,0)))*1440,0)),"")) -> 0.98333333
A58: 07-08-2026 | B58: 13336644-k | C58: =IFERROR(INDEX(Ejecutivos!$B$2:$B$100,MATCH(B58,Ejecutivos!$A$2:$A$100,0)),"") -> ANA ASTORGA | D58: 08:31 | E58: 18:48 | F58: 13:20 | G58: 14:14 | H58: 15 | I58: 13 | J58: 0 | K58: 0 | L58: 0 | M58: =IF(OR(D58="",E58=""),"",ROUND(((E58-D58)*24)-((G58-F58)*24)-((H58+I58)/60),2)) -> 8.92 | N58: =IF(OR($D58="",$S58=""),"",IFERROR(MAX(0,ROUND(($D58-INDEX(Config!$C$15:$C$18,MATCH($S58,Config!$B$15:$B$18,0)))*24*60,0)),"")) -> 1 | O58: =IF(OR(F58="",G58=""),"",ROUND((G58-F58)*24*60,0)) -> 54 | P58: =IF(O58="","",O58+H58+I58) -> 82 | Q58: =IF(OR($P58="",$S58=""),"",IFERROR($P58-INDEX(Config!$E$15:$E$18,MATCH($S58,Config!$B$15:$B$18,0)),"")) -> 22 | R58: =IF($A58="","",IF($D58="","Ausente",IF($N58="","",IF($N58>0,"Atrasado","Puntual")))) -> Atrasado | S58: =IF(OR($A58="",$C58=""),"",IFERROR(INDEX(Turno!$C$3:$V$32,MATCH($C58,Turno!$B$3:$B$32,0),MATCH(DAY($A58),Turno!$C$1:$V$1,0)),"")) -> A | T58: =IF(OR($E58="",$S58=""),"",IFERROR(MAX(0,ROUND((INDEX(Config!$D$15:$D$18,MATCH($S58,Config!$B$15:$B$18,0))-$E58)*1440,0)),"")) -> 0 | U58: =IF(OR($N58="",$T58=""),"",IFERROR(MAX(0,1-($N58+$T58+MAX(0,N($Q58)))/ROUND((INDEX(Config!$D$15:$D$18,MATCH($S58,Config!$B$15:$B$18,0))-INDEX(Config!$C$15:$C$18,MATCH($S58,Config!$B$15:$B$18,0)))*1440,0)),"")) -> 0.96166667
A59: 07-08-2026 | B59: 19060841-7 | C59: =IFERROR(INDEX(Ejecutivos!$B$2:$B$100,MATCH(B59,Ejecutivos!$A$2:$A$100,0)),"") -> ATALY GARCIA | D59: 08:30 | E59: 18:09 | F59: 13:44 | G59: 14:14 | H59: 15 | I59: 15 | J59: 12 | K59: 2 | L59: 0 | M59: =IF(OR(D59="",E59=""),"",ROUND(((E59-D59)*24)-((G59-F59)*24)-((H59+I59)/60),2)) -> 8.65 | N59: =IF(OR($D59="",$S59=""),"",IFERROR(MAX(0,ROUND(($D59-INDEX(Config!$C$15:$C$18,MATCH($S59,Config!$B$15:$B$18,0)))*24*60,0)),"")) -> 0 | O59: =IF(OR(F59="",G59=""),"",ROUND((G59-F59)*24*60,0)) -> 30 | P59: =IF(O59="","",O59+H59+I59) -> 60 | Q59: =IF(OR($P59="",$S59=""),"",IFERROR($P59-INDEX(Config!$E$15:$E$18,MATCH($S59,Config!$B$15:$B$18,0)),"")) -> 0 | R59: =IF($A59="","",IF($D59="","Ausente",IF($N59="","",IF($N59>0,"Atrasado","Puntual")))) -> Puntual | S59: =IF(OR($A59="",$C59=""),"",IFERROR(INDEX(Turno!$C$3:$V$32,MATCH($C59,Turno!$B$3:$B$32,0),MATCH(DAY($A59),Turno!$C$1:$V$1,0)),"")) -> A | T59: =IF(OR($E59="",$S59=""),"",IFERROR(MAX(0,ROUND((INDEX(Config!$D$15:$D$18,MATCH($S59,Config!$B$15:$B$18,0))-$E59)*1440,0)),"")) -> 21 | U59: =IF(OR($N59="",$T59=""),"",IFERROR(MAX(0,1-($N59+$T59+MAX(0,N($Q59)))/ROUND((INDEX(Config!$D$15:$D$18,MATCH($S59,Config!$B$15:$B$18,0))-INDEX(Config!$C$15:$C$18,MATCH($S59,Config!$B$15:$B$18,0)))*1440,0)),"")) -> 0.965
... A61: 07-08-2026 | B61: 18637622-6 | C61: =IFERROR(INDEX(Ejecutivos!$B$2:$B$100,MATCH(B61,Ejecutivos!$A$2:$A$100,0)),"") -> DANIELA RODRIGUEZ | D61: 08:29 | E61: 17:02 | F61: 15:00 | G61: 16:03 | H61: 16 | I61: 15 | J61: 18 | K61: 7 | L61: 0 | M61: =IF(OR(D61="",E61=""),"",ROUND(((E61-D61)*24)-((G61-F61)*24)-((H61+I61)/60),2)) -> 6.98 | N61: =IF(OR($D61="",$S61=""),"",IFERROR(MAX(0,ROUND(($D61-INDEX(Config!$C$15:$C$18,MATCH($S61,Config!$B$15:$B$18,0)))*24*60,0)),"")) -> 0 | O61: =IF(OR(F61="",G61=""),"",ROUND((G61-F61)*24*60,0)) -> 63 | P61: =IF(O61="","",O61+H61+I61) -> 94 | Q61: =IF(OR($P61="",$S61=""),"",IFERROR($P61-INDEX(Config!$E$15:$E$18,MATCH($S61,Config!$B$15:$B$18,0)),"")) -> 34 | R61: =IF($A61="","",IF($D61="","Ausente",IF($N61="","",IF($N61>0,"Atrasado","Puntual")))) -> Puntual | S61: =IF(OR($A61="",$C61=""),"",IFERROR(INDEX(Turno!$C$3:$V$32,MATCH($C61,Turno!$B$3:$B$32,0),MATCH(DAY($A61),Turno!$C$1:$V$1,0)),"")) -> B | T61: =IF(OR($E61="",$S61=""),"",IFERROR(MAX(0,ROUND((INDEX(Config!$D$15:$D$18,MATCH($S61,Config!$B$15:$B$18,0))-$E61)*1440,0)),"")) -> 28 | U61: =IF(OR($N61="",$T61=""),"",IFERROR(MAX(0,1-($N61+$T61+MAX(0,N($Q61)))/ROUND((INDEX(Config!$D$15:$D$18,MATCH($S61,Config!$B$15:$B$18,0))-INDEX(Config!$C$15:$C$18,MATCH($S61,Config!$B$15:$B$18,0)))*1440,0)),"")) -> 0.88518519
A62: 07-08-2026 | B62: 14364155-4 | C62: =IFERROR(INDEX(Ejecutivos!$B$2:$B$100,MATCH(B62,Ejecutivos!$A$2:$A$100,0)),"") -> ELSA GONGORA | D62: 0.35416667 | E62: 18:36 | F62: 0 | G62: 0 | H62: 0 | I62: 0 | J62: 0 | K62: 0 | L62: 0 | M62: =IF(OR(D62="",E62=""),"",ROUND(((E62-D62)*24)-((G62-F62)*24)-((H62+I62)/60),2)) -> 10.1 | N62: =IF(OR($D62="",$S62=""),"",IFERROR(MAX(0,ROUND(($D62-INDEX(Config!$C$15:$C$18,MATCH($S62,Config!$B$15:$B$18,0)))*24*60,0)),"")) -> 0 | O62: =IF(OR(F62="",G62=""),"",ROUND((G62-F62)*24*60,0)) -> 0 | P62: =IF(O62="","",O62+H62+I62) -> 0 | Q62: =IF(OR($P62="",$S62=""),"",IFERROR($P62-INDEX(Config!$E$15:$E$18,MATCH($S62,Config!$B$15:$B$18,0)),"")) -> -60 | R62: =IF($A62="","",IF($D62="","Ausente",IF($N62="","",IF($N62>0,"Atrasado","Puntual")))) -> Puntual | S62: =IF(OR($A62="",$C62=""),"",IFERROR(INDEX(Turno!$C$3:$V$32,MATCH($C62,Turno!$B$3:$B$32,0),MATCH(DAY($A62),Turno!$C$1:$V$1,0)),"")) -> A | T62: =IF(OR($E62="",$S62=""),"",IFERROR(MAX(0,ROUND((INDEX(Config!$D$15:$D$18,MATCH($S62,Config!$B$15:$B$18,0))-$E62)*1440,0)),"")) -> 0 | U62: =IF(OR($N62="",$T62=""),"",IFERROR(MAX(0,1-($N62+$T62+MAX(0,N($Q62)))/ROUND((INDEX(Config!$D$15:$D$18,MATCH($S62,Config!$B$15:$B$18,0))-INDEX(Config!$C$15:$C$18,MATCH($S62,Config!$B$15:$B$18,0)))*1440,0)),"")) -> 1
A63: 07-08-2026 | B63: 16117577-3 | C63: =IFERROR(INDEX(Ejecutivos!$B$2:$B$100,MATCH(B63,Ejecutivos!$A$2:$A$100,0)),"") -> JOHANA LLANCAPICHUN | D63: 08:30 | E63: 16:37 | F63: 14:04 | G63: 15:04 | H63: 15 | I63: 15 | J63: 7 | K63: 1 | L63: 0 | M63: =IF(OR(D63="",E63=""),"",ROUND(((E63-D63)*24)-((G63-F63)*24)-((H63+I63)/60),2)) -> 6.62 | N63: =IF(OR($D63="",$S63=""),"",IFERROR(MAX(0,ROUND(($D63-INDEX(Config!$C$15:$C$18,MATCH($S63,Config!$B$15:$B$18,0)))*24*60,0)),"")) -> 0 | O63: =IF(OR(F63="",G63=""),"",ROUND((G63-F63)*24*60,0)) -> 60 | P63: =IF(O63="","",O63+H63+I63) -> 90 | Q63: =IF(OR($P63="",$S63=""),"",IFERROR($P63-INDEX(Config!$E$15:$E$18,MATCH($S63,Config!$B$15:$B$18,0)),"")) -> 30 | R63: =IF($A63="","",IF($D63="","Ausente",IF($N63="","",IF($N63>0,"Atrasado","Puntual")))) -> Puntual | S63: =IF(OR($A63="",$C63=""),"",IFERROR(INDEX(Turno!$C$3:$V$32,MATCH($C63,Turno!$B$3:$B$32,0),MATCH(DAY($A63),Turno!$C$1:$V$1,0)),"")) -> C | T63: =IF(OR($E63="",$S63=""),"",IFERROR(MAX(0,ROUND((INDEX(Config!$D$15:$D$18,MATCH($S63,Config!$B$15:$B$18,0))-$E63)*1440,0)),"")) -> 0 | U63: =IF(OR($N63="",$T63=""),"",IFERROR(MAX(0,1-($N63+$T63+MAX(0,N($Q63)))/ROUND((INDEX(Config!$D$15:$D$18,MATCH($S63,Config!$B$15:$B$18,0))-INDEX(Config!$C$15:$C$18,MATCH($S63,Config!$B$15:$B$18,0)))*1440,0)),"")) -> 0.9375
A64: 07-08-2026 | B64: 13026344-5 | C64: =IFERROR(INDEX(Ejecutivos!$B$2:$B$100,MATCH(B64,Ejecutivos!$A$2:$A$100,0)),"") -> KATIA HALD | D64: 08:30 | E64: 17:31 | F64: 15:07 | G64: 16:08 | H64: 18 | I64: 16 | J64: 12 | K64: 1 | L64: 0 | M64: =IF(OR(D64="",E64=""),"",ROUND(((E64-D64)*24)-((G64-F64)*24)-((H64+I64)/60),2)) -> 7.43 | N64: =IF(OR($D64="",$S64=""),"",IFERROR(MAX(0,ROUND(($D64-INDEX(Config!$C$15:$C$18,MATCH($S64,Config!$B$15:$B$18,0)))*24*60,0)),"")) -> 0 | O64: =IF(OR(F64="",G64=""),"",ROUND((G64-F64)*24*60,0)) -> 61 | P64: =IF(O64="","",O64+H64+I64) -> 95 | Q64: =IF(OR($P64="",$S64=""),"",IFERROR($P64-INDEX(Config!$E$15:$E$18,MATCH($S64,Config!$B$15:$B$18,0)),"")) -> 35 | R64: =IF($A64="","",IF($D64="","Ausente",IF($N64="","",IF($N64>0,"Atrasado","Puntual")))) -> Puntual | S64: =IF(OR($A64="",$C64=""),"",IFERROR(INDEX(Turno!$C$3:$V$32,MATCH($C64,Turno!$B$3:$B$32,0),MATCH(DAY($A64),Turno!$C$1:$V$1,0)),"")) -> C | T64: =IF(OR($E64="",$S64=""),"",IFERROR(MAX(0,ROUND((INDEX(Config!$D$15:$D$18,MATCH($S64,Config!$B$15:$B$18,0))-$E64)*1440,0)),"")) -> 0 | U64: =IF(OR($N64="",$T64=""),"",IFERROR(MAX(0,1-($N64+$T64+MAX(0,N($Q64)))/ROUND((INDEX(Config!$D$15:$D$18,MATCH($S64,Config!$B$15:$B$18,0))-INDEX(Config!$C$15:$C$18,MATCH($S64,Config!$B$15:$B$18,0)))*1440,0)),"")) -> 0.92708333
A65: 07-08-2026 | B65: 13638765-0 | C65: =IFERROR(INDEX(Ejecutivos!$B$2:$B$100,MATCH(B65,Ejecutivos!$A$2:$A$100,0)),"") -> MANUEL MONSALVE | D65: 08:27 | E65: 17:47 | F65: 12:44 | G65: 13:33 | H65: 0 | I65: 0 | J65: 7 | K65: 1 | L65: 0 | M65: =IF(OR(D65="",E65=""),"",ROUND(((E65-D65)*24)-((G65-F65)*24)-((H65+I65)/60),2)) -> 8.52 | N65: =IF(OR($D65="",$S65=""),"",IFERROR(MAX(0,ROUND(($D65-INDEX(Config!$C$15:$C$18,MATCH($S65,Config!$B$15:$B$18,0)))*24*60,0)),"")) -> 0 | O65: =IF(OR(F65="",G65=""),"",ROUND((G65-F65)*24*60,0)) -> 49 | P65: =IF(O65="","",O65+H65+I65) -> 49 | Q65: =IF(OR($P65="",$S65=""),"",IFERROR($P65-INDEX(Config!$E$15:$E$18,MATCH($S65,Config!$B$15:$B$18,0)),"")) -> -11 | R65: =IF($A65="","",IF($D65="","Ausente",IF($N65="","",IF($N65>0,"Atrasado","Puntual")))) -> Puntual | S65: =IF(OR($A65="",$C65=""),"",IFERROR(INDEX(Turno!$C$3:$V$32,MATCH($C65,Turno!$B$3:$B$32,0),MATCH(DAY($A65),Turno!$C$1:$V$1,0)),"")) -> B | T65: =IF(OR($E65="",$S65=""),"",IFERROR(MAX(0,ROUND((INDEX(Config!$D$15:$D$18,MATCH($S65,Config!$B$15:$B$18,0))-$E65)*1440,0)),"")) -> 0 | U65: =IF(OR($N65="",$T65=""),"",IFERROR(MAX(0,1-($N65+$T65+MAX(0,N($Q65)))/ROUND((INDEX(Config!$D$15:$D$18,MATCH($S65,Config!$B$15:$B$18,0))-INDEX(Config!$C$15:$C$18,MATCH($S65,Config!$B$15:$B$18,0)))*1440,0)),"")) -> 1
A66: 07-08-2026 | B66: 13337549-K | C66: =IFERROR(INDEX(Ejecutivos!$B$2:$B$100,MATCH(B66,Ejecutivos!$A$2:$A$100,0)),"") -> MANUELA ASTUDILLO | D66: 08:29 | E66: 17:08 | F66: 14:35 | G66: 15:05 | H66: 16 | I66: 14 | J66: 8 | K66: 1 | L66: 0 | M66: =IF(OR(D66="",E66=""),"",ROUND(((E66-D66)*24)-((G66-F66)*24)-((H66+I66)/60),2)) -> 7.65 | N66: =IF(OR($D66="",$S66=""),"",IFERROR(MAX(0,ROUND(($D66-INDEX(Config!$C$15:$C$18,MATCH($S66,Config!$B$15:$B$18,0)))*24*60,0)),"")) -> 0 | O66: =IF(OR(F66="",G66=""),"",ROUND((G66-F66)*24*60,0)) -> 30 | P66: =IF(O66="","",O66+H66+I66) -> 60 | Q66: =IF(OR($P66="",$S66=""),"",IFERROR($P66-INDEX(Config!$E$15:$E$18,MATCH($S66,Config!$B$15:$B$18,0)),"")) -> 0 | R66: =IF($A66="","",IF($D66="","Ausente",IF($N66="","",IF($N66>0,"Atrasado","Puntual")))) -> Puntual | S66: =IF(OR($A66="",$C66=""),"",IFERROR(INDEX(Turno!$C$3:$V$32,MATCH($C66,Turno!$B$3:$B$32,0),MATCH(DAY($A66),Turno!$C$1:$V$1,0)),"")) -> B | T66: =IF(OR($E66="",$S66=""),"",IFERROR(MAX(0,ROUND((INDEX(Config!$D$15:$D$18,MATCH($S66,Config!$B$15:$B$18,0))-$E66)*1440,0)),"")) -> 22 | U66: =IF(OR($N66="",$T66=""),"",IFERROR(MAX(0,1-($N66+$T66+MAX(0,N($Q66)))/ROUND((INDEX(Config!$D$15:$D$18,MATCH($S66,Config!$B$15:$B$18,0))-INDEX(Config!$C$15:$C$18,MATCH($S66,Config!$B$15:$B$18,0)))*1440,0)),"")) -> 0.95925926
A67: 07-08-2026 | B67: 18123009-6 | C67: =IFERROR(INDEX(Ejecutivos!$B$2:$B$100,MATCH(B67,Ejecutivos!$A$2:$A$100,0)),"") -> MAXIMILIANO OLIVARES | D67: 08:30 | E67: 18:40 | F67: 11:59 | G67: 12:59 | H67: 15 | I67: 15 | J67: 2 | K67: 2 | L67: 0 | M67: =IF(OR(D67="",E67=""),"",ROUND(((E67-D67)*24)-((G67-F67)*24)-((H67+I67)/60),2)) -> 8.67 | N67: =IF(OR($D67="",$S67=""),"",IFERROR(MAX(0,ROUND(($D67-INDEX(Config!$C$15:$C$18,MATCH($S67,Config!$B$15:$B$18,0)))*24*60,0)),"")) -> 0 | O67: =IF(OR(F67="",G67=""),"",ROUND((G67-F67)*24*60,0)) -> 60 | P67: =IF(O67="","",O67+H67+I67) -> 90 | Q67: =IF(OR($P67="",$S67=""),"",IFERROR($P67-INDEX(Config!$E$15:$E$18,MATCH($S67,Config!$B$15:$B$18,0)),"")) -> 30 | R67: =IF($A67="","",IF($D67="","Ausente",IF($N67="","",IF($N67>0,"Atrasado","Puntual")))) -> Puntual | S67: =IF(OR($A67="",$C67=""),"",IFERROR(INDEX(Turno!$C$3:$V$32,MATCH($C67,Turno!$B$3:$B$32,0),MATCH(DAY($A67),Turno!$C$1:$V$1,0)),"")) -> D | T67: =IF(OR($E67="",$S67=""),"",IFERROR(MAX(0,ROUND((INDEX(Config!$D$15:$D$18,MATCH($S67,Config!$B$15:$B$18,0))-$E67)*1440,0)),"")) -> 0 | U67: =IF(OR($N67="",$T67=""),"",IFERROR(MAX(0,1-($N67+$T67+MAX(0,N($Q67)))/ROUND((INDEX(Config!$D$15:$D$18,MATCH($S67,Config!$B$15:$B$18,0))-INDEX(Config!$C$15:$C$18,MATCH($S67,Config!$B$15:$B$18,0)))*1440,0)),"")) -> 0.94444444
A68: 07-08-2026 | B68: 19421111-2 | C68: =IFERROR(INDEX(Ejecutivos!$B$2:$B$100,MATCH(B68,Ejecutivos!$A$2:$A$100,0)),"") -> MELISSA SALGADO | D68: 08:28 | E68: 18:03 | F68: 12:40 | G68: 13:10 | H68: 16 | I68: 15 | J68: 25 | K68: 5 | L68: 0 | M68: =IF(OR(D68="",E68=""),"",ROUND(((E68-D68)*24)-((G68-F68)*24)-((H68+I68)/60),2)) -> 8.57 | N68: =IF(OR($D68="",$S68=""),"",IFERROR(MAX(0,ROUND(($D68-INDEX(Config!$C$15:$C$18,MATCH($S68,Config!$B$15:$B$18,0)))*24*60,0)),"")) -> 0 | O68: =IF(OR(F68="",G68=""),"",ROUND((G68-F68)*24*60,0)) -> 30 | P68: =IF(O68="","",O68+H68+I68) -> 61 | Q68: =IF(OR($P68="",$S68=""),"",IFERROR($P68-INDEX(Config!$E$15:$E$18,MATCH($S68,Config!$B$15:$B$18,0)),"")) -> 1 | R68: =IF($A68="","",IF($D68="","Ausente",IF($N68="","",IF($N68>0,"Atrasado","Puntual")))) -> Puntual | S68: =IF(OR($A68="",$C68=""),"",IFERROR(INDEX(Turno!$C$3:$V$32,MATCH($C68,Turno!$B$3:$B$32,0),MATCH(DAY($A68),Turno!$C$1:$V$1,0)),"")) -> A | T68: =IF(OR($E68="",$S68=""),"",IFERROR(MAX(0,ROUND((INDEX(Config!$D$15:$D$18,MATCH($S68,Config!$B$15:$B$18,0))-$E68)*1440,0)),"")) -> 27 | U68: =IF(OR($N68="",$T68=""),"",IFERROR(MAX(0,1-($N68+$T68+MAX(0,N($Q68)))/ROUND((INDEX(Config!$D$15:$D$18,MATCH($S68,Config!$B$15:$B$18,0))-INDEX(Config!$C$15:$C$18,MATCH($S68,Config!$B$15:$B$18,0)))*1440,0)),"")) -> 0.95333333
A69: 07-08-2026 | B69: 27105214-6 | C69: =IFERROR(INDEX(Ejecutivos!$B$2:$B$100,MATCH(B69,Ejecutivos!$A$2:$A$100,0)),"") -> NANCI MENDEZ | D69: 08:28 | E69: 18:31 | F69: 12:42 | G69: 13:40 | H69: 15 | I69: 19 | J69: 0 | K69: 0 | L69: 0 | M69: =IF(OR(D69="",E69=""),"",ROUND(((E69-D69)*24)-((G69-F69)*24)-((H69+I69)/60),2)) -> 8.52 | N69: =IF(OR($D69="",$S69=""),"",IFERROR(MAX(0,ROUND(($D69-INDEX(Config!$C$15:$C$18,MATCH($S69,Config!$B$15:$B$18,0)))*24*60,0)),"")) -> 0 | O69: =IF(OR(F69="",G69=""),"",ROUND((G69-F69)*24*60,0)) -> 58 | P69: =IF(O69="","",O69+H69+I69) -> 92 | Q69: =IF(OR($P69="",$S69=""),"",IFERROR($P69-INDEX(Config!$E$15:$E$18,MATCH($S69,Config!$B$15:$B$18,0)),"")) -> 32 | R69: =IF($A69="","",IF($D69="","Ausente",IF($N69="","",IF($N69>0,"Atrasado","Puntual")))) -> Puntual | S69: =IF(OR($A69="",$C69=""),"",IFERROR(INDEX(Turno!$C$3:$V$32,MATCH($C69,Turno!$B$3:$B$32,0),MATCH(DAY($A69),Turno!$C$1:$V$1,0)),"")) -> A | T69: =IF(OR($E69="",$S69=""),"",IFERROR(MAX(0,ROUND((INDEX(Config!$D$15:$D$18,MATCH($S69,Config!$B$15:$B$18,0))-$E69)*1440,0)),"")) -> 0 | U69: =IF(OR($N69="",$T69=""),"",IFERROR(MAX(0,1-($N69+$T69+MAX(0,N($Q69)))/ROUND((INDEX(Config!$D$15:$D$18,MATCH($S69,Config!$B$15:$B$18,0))-INDEX(Config!$C$15:$C$18,MATCH($S69,Config!$B$15:$B$18,0)))*1440,0)),"")) -> 0.94666667
A70: 07-08-2026 | B70: 20828148-8 | C70: =IFERROR(INDEX(Ejecutivos!$B$2:$B$100,MATCH(B70,Ejecutivos!$A$2:$A$100,0)),"") -> TOMAS MAULEN | D70: 08:31 | E70: 18:37 | F70: 15:02 | G70: 16:06 | H70: 16 | I70: 0 | J70: 29 | K70: 7 | L70: 0 | M70: =IF(OR(D70="",E70=""),"",ROUND(((E70-D70)*24)-((G70-F70)*24)-((H70+I70)/60),2)) -> 8.77 | N70: =IF(OR($D70="",$S70=""),"",IFERROR(MAX(0,ROUND(($D70-INDEX(Config!$C$15:$C$18,MATCH($S70,Config!$B$15:$B$18,0)))*24*60,0)),"")) -> 1 | O70: =IF(OR(F70="",G70=""),"",ROUND((G70-F70)*24*60,0)) -> 64 | P70: =IF(O70="","",O70+H70+I70) -> 80 | Q70: =IF(OR($P70="",$S70=""),"",IFERROR($P70-INDEX(Config!$E$15:$E$18,MATCH($S70,Config!$B$15:$B$18,0)),"")) -> 20 | R70: =IF($A70="","",IF($D70="","Ausente",IF($N70="","",IF($N70>0,"Atrasado","Puntual")))) -> Atrasado | S70: =IF(OR($A70="",$C70=""),"",IFERROR(INDEX(Turno!$C$3:$V$32,MATCH($C70,Turno!$B$3:$B$32,0),MATCH(DAY($A70),Turno!$C$1:$V$1,0)),"")) -> A | T70: =IF(OR($E70="",$S70=""),"",IFERROR(MAX(0,ROUND((INDEX(Config!$D$15:$D$18,MATCH($S70,Config!$B$15:$B$18,0))-$E70)*1440,0)),"")) -> 0 | U70: =IF(OR($N70="",$T70=""),"",IFERROR(MAX(0,1-($N70+$T70+MAX(0,N($Q70)))/ROUND((INDEX(Config!$D$15:$D$18,MATCH($S70,Config!$B$15:$B$18,0))-INDEX(Config!$C$15:$C$18,MATCH($S70,Config!$B$15:$B$18,0)))*1440,0)),"")) -> 0.965
A71: 46244 | B71: 26612947-5 | C71: =IFERROR(INDEX(Ejecutivos!$B$2:$B$100,MATCH(B71,Ejecutivos!$A$2:$A$100,0)),"") -> ALEJANDRA CHACON | D71: 08:29 | E71: 18:31 | F71: 14:06 | G71: 15:07 | H71: 20 | I71: 16 | J71: 12 | K71: 2 | L71: 0 | M71: =IF(OR(D71="",E71=""),"",ROUND(((E71-D71)*24)-((G71-F71)*24)-((H71+I71)/60),2)) -> 8.42 | N71: =IF(OR($D71="",$S71=""),"",IFERROR(MAX(0,ROUND(($D71-INDEX(Config!$C$15:$C$18,MATCH($S71,Config!$B$15:$B$18,0)))*24*60,0)),"")) -> 0 | O71: =IF(OR(F71="",G71=""),"",ROUND((G71-F71)*24*60,0)) -> 61 | P71: =IF(O71="","",O71+H71+I71) -> 97 | Q71: =IF(OR($P71="",$S71=""),"",IFERROR($P71-INDEX(Config!$E$15:$E$18,MATCH($S71,Config!$B$15:$B$18,0)),"")) -> 37 | R71: =IF($A71="","",IF($D71="","Ausente",IF($N71="","",IF($N71>0,"Atrasado","Puntual")))) -> Puntual | S71: =IF(OR($A71="",$C71=""),"",IFERROR(INDEX(Turno!$C$3:$V$32,MATCH($C71,Turno!$B$3:$B$32,0),MATCH(DAY($A71),Turno!$C$1:$V$1,0)),"")) -> A | T71: =IF(OR($E71="",$S71=""),"",IFERROR(MAX(0,ROUND((INDEX(Config!$D$15:$D$18,MATCH($S71,Config!$B$15:$B$18,0))-$E71)*1440,0)),"")) -> 0 | U71: =IF(OR($N71="",$T71=""),"",IFERROR(MAX(0,1-($N71+$T71+MAX(0,N($Q71)))/ROUND((INDEX(Config!$D$15:$D$18,MATCH($S71,Config!$B$15:$B$18,0))-INDEX(Config!$C$15:$C$18,MATCH($S71,Config!$B$15:$B$18,0)))*1440,0)),"")) -> 0.93833333
A72: 46244 | B72: 13093458-7 | C72: =IFERROR(INDEX(Ejecutivos!$B$2:$B$100,MATCH(B72,Ejecutivos!$A$2:$A$100,0)),"") -> ALEJANDRA ORELLANA | D72: 08:30 | E72: 17:30 | F72: 0 | G72: 0 | H72: 15 | I72: 15 | J72: 8 | K72: 3 | L72: 0 | M72: =IF(OR(D72="",E72=""),"",ROUND(((E72-D72)*24)-((G72-F72)*24)-((H72+I72)/60),2)) -> 8.5 | N72: =IF(OR($D72="",$S72=""),"",IFERROR(MAX(0,ROUND(($D72-INDEX(Config!$C$15:$C$18,MATCH($S72,Config!$B$15:$B$18,0)))*24*60,0)),"")) -> 0 | O72: =IF(OR(F72="",G72=""),"",ROUND((G72-F72)*24*60,0)) -> 0 | P72: =IF(O72="","",O72+H72+I72) -> 30 | Q72: =IF(OR($P72="",$S72=""),"",IFERROR($P72-INDEX(Config!$E$15:$E$18,MATCH($S72,Config!$B$15:$B$18,0)),"")) -> -30 | R72: =IF($A72="","",IF($D72="","Ausente",IF($N72="","",IF($N72>0,"Atrasado","Puntual")))) -> Puntual | S72: =IF(OR($A72="",$C72=""),"",IFERROR(INDEX(Turno!$C$3:$V$32,MATCH($C72,Turno!$B$3:$B$32,0),MATCH(DAY($A72),Turno!$C$1:$V$1,0)),"")) -> A | T72: =IF(OR($E72="",$S72=""),"",IFERROR(MAX(0,ROUND((INDEX(Config!$D$15:$D$18,MATCH($S72,Config!$B$15:$B$18,0))-$E72)*1440,0)),"")) -> 60 | U72: =IF(OR($N72="",$T72=""),"",IFERROR(MAX(0,1-($N72+$T72+MAX(0,N($Q72)))/ROUND((INDEX(Config!$D$15:$D$18,MATCH($S72,Config!$B$15:$B$18,0))-INDEX(Config!$C$15:$C$18,MATCH($S72,Config!$B$15:$B$18,0)))*1440,0)),"")) -> 0.9
A73: 46244 | B73: 19060841-7 | C73: =IFERROR(INDEX(Ejecutivos!$B$2:$B$100,MATCH(B73,Ejecutivos!$A$2:$A$100,0)),"") -> ATALY GARCIA | D73: 08:31 | E73: 17:09 | F73: 13:33 | G73: 14:03 | H73: 15 | I73: 15 | J73: 7 | K73: 1 | L73: 0 | M73: =IF(OR(D73="",E73=""),"",ROUND(((E73-D73)*24)-((G73-F73)*24)-((H73+I73)/60),2)) -> 7.63 | N73: =IF(OR($D73="",$S73=""),"",IFERROR(MAX(0,ROUND(($D73-INDEX(Config!$C$15:$C$18,MATCH($S73,Config!$B$15:$B$18,0)))*24*60,0)),"")) -> 1 | O73: =IF(OR(F73="",G73=""),"",ROUND((G73-F73)*24*60,0)) -> 30 | P73: =IF(O73="","",O73+H73+I73) -> 60 | Q73: =IF(OR($P73="",$S73=""),"",IFERROR($P73-INDEX(Config!$E$15:$E$18,MATCH($S73,Config!$B$15:$B$18,0)),"")) -> 0 | R73: =IF($A73="","",IF($D73="","Ausente",IF($N73="","",IF($N73>0,"Atrasado","Puntual")))) -> Atrasado | S73: =IF(OR($A73="",$C73=""),"",IFERROR(INDEX(Turno!$C$3:$V$32,MATCH($C73,Turno!$B$3:$B$32,0),MATCH(DAY($A73),Turno!$C$1:$V$1,0)),"")) -> B | T73: =IF(OR($E73="",$S73=""),"",IFERROR(MAX(0,ROUND((INDEX(Config!$D$15:$D$18,MATCH($S73,Config!$B$15:$B$18,0))-$E73)*1440,0)),"")) -> 21 | U73: =IF(OR($N73="",$T73=""),"",IFERROR(MAX(0,1-($N73+$T73+MAX(0,N($Q73)))/ROUND((INDEX(Config!$D$15:$D$18,MATCH($S73,Config!$B$15:$B$18,0))-INDEX(Config!$C$15:$C$18,MATCH($S73,Config!$B$15:$B$18,0)))*1440,0)),"")) -> 0.95925926
A74: 46244 | B74: 18696966-9 | C74: =IFERROR(INDEX(Ejecutivos!$B$2:$B$100,MATCH(B74,Ejecutivos!$A$2:$A$100,0)),"") -> CATHERINE AEDO | D74: 07:40 | E74: 18:30 | F74: 13:55 | G74: 14:59 | H74: 17 | I74: 14 | J74: 13 | K74: 2 | L74: 0 | M74: =IF(OR(D74="",E74=""),"",ROUND(((E74-D74)*24)-((G74-F74)*24)-((H74+I74)/60),2)) -> 9.25 | N74: =IF(OR($D74="",$S74=""),"",IFERROR(MAX(0,ROUND(($D74-INDEX(Config!$C$15:$C$18,MATCH($S74,Config!$B$15:$B$18,0)))*24*60,0)),"")) -> 0 | O74: =IF(OR(F74="",G74=""),"",ROUND((G74-F74)*24*60,0)) -> 64 | P74: =IF(O74="","",O74+H74+I74) -> 95 | Q74: =IF(OR($P74="",$S74=""),"",IFERROR($P74-INDEX(Config!$E$15:$E$18,MATCH($S74,Config!$B$15:$B$18,0)),"")) -> 35 | R74: =IF($A74="","",IF($D74="","Ausente",IF($N74="","",IF($N74>0,"Atrasado","Puntual")))) -> Puntual | S74: =IF(OR($A74="",$C74=""),"",IFERROR(INDEX(Turno!$C$3:$V$32,MATCH($C74,Turno!$B$3:$B$32,0),MATCH(DAY($A74),Turno!$C$1:$V$1,0)),"")) -> A | T74: =IF(OR($E74="",$S74=""),"",IFERROR(MAX(0,ROUND((INDEX(Config!$D$15:$D$18,MATCH($S74,Config!$B$15:$B$18,0))-$E74)*1440,0)),"")) -> 0 | U74: =IF(OR($N74="",$T74=""),"",IFERROR(MAX(0,1-($N74+$T74+MAX(0,N($Q74)))/ROUND((INDEX(Config!$D$15:$D$18,MATCH($S74,Config!$B$15:$B$18,0))-INDEX(Config!$C$15:$C$18,MATCH($S74,Config!$B$15:$B$18,0)))*1440,0)),"")) -> 0.94166667
A75: 46244 | B75: 18637622-6 | C75: =IFERROR(INDEX(Ejecutivos!$B$2:$B$100,MATCH(B75,Ejecutivos!$A$2:$A$100,0)),"") -> DANIELA RODRIGUEZ | D75: 08:30 | E75: 18:30 | F75: 15:12 | G75: 16:12 | H75: 17 | I75: 16 | J75: 16 | K75: 8 | L75: 0 | M75: =IF(OR(D75="",E75=""),"",ROUND(((E75-D75)*24)-((G75-F75)*24)-((H75+I75)/60),2)) -> 8.45 | N75: =IF(OR($D75="",$S75=""),"",IFERROR(MAX(0,ROUND(($D75-INDEX(Config!$C$15:$C$18,MATCH($S75,Config!$B$15:$B$18,0)))*24*60,0)),"")) -> 0 | O75: =IF(OR(F75="",G75=""),"",ROUND((G75-F75)*24*60,0)) -> 60 | P75: =IF(O75="","",O75+H75+I75) -> 93 | Q75: =IF(OR($P75="",$S75=""),"",IFERROR($P75-INDEX(Config!$E$15:$E$18,MATCH($S75,Config!$B$15:$B$18,0)),"")) -> 33 | R75: =IF($A75="","",IF($D75="","Ausente",IF($N75="","",IF($N75>0,"Atrasado","Puntual")))) -> Puntual | S75: =IF(OR($A75="",$C75=""),"",IFERROR(INDEX(Turno!$C$3:$V$32,MATCH($C75,Turno!$B$3:$B$32,0),MATCH(DAY($A75),Turno!$C$1:$V$1,0)),"")) -> A | T75: =IF(OR($E75="",$S75=""),"",IFERROR(MAX(0,ROUND((INDEX(Config!$D$15:$D$18,MATCH($S75,Config!$B$15:$B$18,0))-$E75)*1440,0)),"")) -> 0 | U75: =IF(OR($N75="",$T75=""),"",IFERROR(MAX(0,1-($N75+$T75+MAX(0,N($Q75)))/ROUND((INDEX(Config!$D$15:$D$18,MATCH($S75,Config!$B$15:$B$18,0))-INDEX(Config!$C$15:$C$18,MATCH($S75,Config!$B$15:$B$18,0)))*1440,0)),"")) -> 0.945
A76: 46244 | B76: 14364155-4 | C76: =IFERROR(INDEX(Ejecutivos!$B$2:$B$100,MATCH(B76,Ejecutivos!$A$2:$A$100,0)),"") -> ELSA GONGORA | D76: 08:30 | E76: 16:01 | F76: 13:01 | G76: 13:33 | H76: 15 | I76: 15 | J76: 7 | K76: 1 | L76: 0 | M76: =IF(OR(D76="",E76=""),"",ROUND(((E76-D76)*24)-((G76-F76)*24)-((H76+I76)/60),2)) -> 6.48 | N76: =IF(OR($D76="",$S76=""),"",IFERROR(MAX(0,ROUND(($D76-INDEX(Config!$C$15:$C$18,MATCH($S76,Config!$B$15:$B$18,0)))*24*60,0)),"")) -> 0 | O76: =IF(OR(F76="",G76=""),"",ROUND((G76-F76)*24*60,0)) -> 32 | P76: =IF(O76="","",O76+H76+I76) -> 62 | Q76: =IF(OR($P76="",$S76=""),"",IFERROR($P76-INDEX(Config!$E$15:$E$18,MATCH($S76,Config!$B$15:$B$18,0)),"")) -> 2 | R76: =IF($A76="","",IF($D76="","Ausente",IF($N76="","",IF($N76>0,"Atrasado","Puntual")))) -> Puntual | S76: =IF(OR($A76="",$C76=""),"",IFERROR(INDEX(Turno!$C$3:$V$32,MATCH($C76,Turno!$B$3:$B$32,0),MATCH(DAY($A76),Turno!$C$1:$V$1,0)),"")) -> C | T76: =IF(OR($E76="",$S76=""),"",IFERROR(MAX(0,ROUND((INDEX(Config!$D$15:$D$18,MATCH($S76,Config!$B$15:$B$18,0))-$E76)*1440,0)),"")) -> 29 | U76: =IF(OR($N76="",$T76=""),"",IFERROR(MAX(0,1-($N76+$T76+MAX(0,N($Q76)))/ROUND((INDEX(Config!$D$15:$D$18,MATCH($S76,Config!$B$15:$B$18,0))-INDEX(Config!$C$15:$C$18,MATCH($S76,Config!$B$15:$B$18,0)))*1440,0)),"")) -> 0.93541667
A77: 46244 | B77: 16117577-3 | C77: =IFERROR(INDEX(Ejecutivos!$B$2:$B$100,MATCH(B77,Ejecutivos!$A$2:$A$100,0)),"") -> JOHANA LLANCAPICHUN | D77: 08:30 | E77: 18:31 | F77: 14:10 | G77: 15:09 | H77: 15 | I77: 15 | J77: 3 | K77: 1 | L77: 0 | M77: =IF(OR(D77="",E77=""),"",ROUND(((E77-D77)*24)-((G77-F77)*24)-((H77+I77)/60),2)) -> 8.53 | N77: =IF(OR($D77="",$S77=""),"",IFERROR(MAX(0,ROUND(($D77-INDEX(Config!$C$15:$C$18,MATCH($S77,Config!$B$15:$B$18,0)))*24*60,0)),"")) -> 0 | O77: =IF(OR(F77="",G77=""),"",ROUND((G77-F77)*24*60,0)) -> 59 | P77: =IF(O77="","",O77+H77+I77) -> 89 | Q77: =IF(OR($P77="",$S77=""),"",IFERROR($P77-INDEX(Config!$E$15:$E$18,MATCH($S77,Config!$B$15:$B$18,0)),"")) -> 29 | R77: =IF($A77="","",IF($D77="","Ausente",IF($N77="","",IF($N77>0,"Atrasado","Puntual")))) -> Puntual | S77: =IF(OR($A77="",$C77=""),"",IFERROR(INDEX(Turno!$C$3:$V$32,MATCH($C77,Turno!$B$3:$B$32,0),MATCH(DAY($A77),Turno!$C$1:$V$1,0)),"")) -> A | T77: =IF(OR($E77="",$S77=""),"",IFERROR(MAX(0,ROUND((INDEX(Config!$D$15:$D$18,MATCH($S77,Config!$B$15:$B$18,0))-$E77)*1440,0)),"")) -> 0 | U77: =IF(OR($N77="",$T77=""),"",IFERROR(MAX(0,1-($N77+$T77+MAX(0,N($Q77)))/ROUND((INDEX(Config!$D$15:$D$18,MATCH($S77,Config!$B$15:$B$18,0))-INDEX(Config!$C$15:$C$18,MATCH($S77,Config!$B$15:$B$18,0)))*1440,0)),"")) -> 0.95166667
A78: 46244 | B78: 13026344-5 | C78: =IFERROR(INDEX(Ejecutivos!$B$2:$B$100,MATCH(B78,Ejecutivos!$A$2:$A$100,0)),"") -> KATIA HALD | D78: 08:31 | E78: 18:31 | F78: 15:12 | G78: 16:12 | H78: 16 | I78: 15 | J78: 14 | K78: 1 | L78: 0 | M78: =IF(OR(D78="",E78=""),"",ROUND(((E78-D78)*24)-((G78-F78)*24)-((H78+I78)/60),2)) -> 8.48 | N78: =IF(OR($D78="",$S78=""),"",IFERROR(MAX(0,ROUND(($D78-INDEX(Config!$C$15:$C$18,MATCH($S78,Config!$B$15:$B$18,0)))*24*60,0)),"")) -> 1 | O78: =IF(OR(F78="",G78=""),"",ROUND((G78-F78)*24*60,0)) -> 60 | P78: =IF(O78="","",O78+H78+I78) -> 91 | Q78: =IF(OR($P78="",$S78=""),"",IFERROR($P78-INDEX(Config!$E$15:$E$18,MATCH($S78,Config!$B$15:$B$18,0)),"")) -> 31 | R78: =IF($A78="","",IF($D78="","Ausente",IF($N78="","",IF($N78>0,"Atrasado","Puntual")))) -> Atrasado | S78: =IF(OR($A78="",$C78=""),"",IFERROR(INDEX(Turno!$C$3:$V$32,MATCH($C78,Turno!$B$3:$B$32,0),MATCH(DAY($A78),Turno!$C$1:$V$1,0)),"")) -> A | T78: =IF(OR($E78="",$S78=""),"",IFERROR(MAX(0,ROUND((INDEX(Config!$D$15:$D$18,MATCH($S78,Config!$B$15:$B$18,0))-$E78)*1440,0)),"")) -> 0 | U78: =IF(OR($N78="",$T78=""),"",IFERROR(MAX(0,1-($N78+$T78+MAX(0,N($Q78)))/ROUND((INDEX(Config!$D$15:$D$18,MATCH($S78,Config!$B$15:$B$18,0))-INDEX(Config!$C$15:$C$18,MATCH($S78,Config!$B$15:$B$18,0)))*1440,0)),"")) -> 0.94666667
A79: 46244 | B79: 13638765-0 | C79: =IFERROR(INDEX(Ejecutivos!$B$2:$B$100,MATCH(B79,Ejecutivos!$A$2:$A$100,0)),"") -> MANUEL MONSALVE | D79: 08:24 | E79: 18:31 | F79: 15:07 | G79: 16:04 | H79: 17 | I79: 0 | J79: 5 | K79: 2 | L79: 0 | M79: =IF(OR(D79="",E79=""),"",ROUND(((E79-D79)*24)-((G79-F79)*24)-((H79+I79)/60),2)) -> 8.88 | N79: =IF(OR($D79="",$S79=""),"",IFERROR(MAX(0,ROUND(($D79-INDEX(Config!$C$15:$C$18,MATCH($S79,Config!$B$15:$B$18,0)))*24*60,0)),"")) -> 0 | O79: =IF(OR(F79="",G79=""),"",ROUND((G79-F79)*24*60,0)) -> 57 | P79: =IF(O79="","",O79+H79+I79) -> 74 | Q79: =IF(OR($P79="",$S79=""),"",IFERROR($P79-INDEX(Config!$E$15:$E$18,MATCH($S79,Config!$B$15:$B$18,0)),"")) -> 14 | R79: =IF($A79="","",IF($D79="","Ausente",IF($N79="","",IF($N79>0,"Atrasado","Puntual")))) -> Puntual | S79: =IF(OR($A79="",$C79=""),"",IFERROR(INDEX(Turno!$C$3:$V$32,MATCH($C79,Turno!$B$3:$B$32,0),MATCH(DAY($A79),Turno!$C$1:$V$1,0)),"")) -> C | T79: =IF(OR($E79="",$S79=""),"",IFERROR(MAX(0,ROUND((INDEX(Config!$D$15:$D$18,MATCH($S79,Config!$B$15:$B$18,0))-$E79)*1440,0)),"")) -> 0 | U79: =IF(OR($N79="",$T79=""),"",IFERROR(MAX(0,1-($N79+$T79+MAX(0,N($Q79)))/ROUND((INDEX(Config!$D$15:$D$18,MATCH($S79,Config!$B$15:$B$18,0))-INDEX(Config!$C$15:$C$18,MATCH($S79,Config!$B$15:$B$18,0)))*1440,0)),"")) -> 0.97083333
A80: 46244 | B80: 13337549-K | C80: =IFERROR(INDEX(Ejecutivos!$B$2:$B$100,MATCH(B80,Ejecutivos!$A$2:$A$100,0)),"") -> MANUELA ASTUDILLO | D80: 08:29 | E80: 18:01 | F80: 15:04 | G80: 15:35 | H80: 16 | I80: 15 | J80: 6 | K80: 1 | L80: 0 | M80: =IF(OR(D80="",E80=""),"",ROUND(((E80-D80)*24)-((G80-F80)*24)-((H80+I80)/60),2)) -> 8.5 | N80: =IF(OR($D80="",$S80=""),"",IFERROR(MAX(0,ROUND(($D80-INDEX(Config!$C$15:$C$18,MATCH($S80,Config!$B$15:$B$18,0)))*24*60,0)),"")) -> 0 | O80: =IF(OR(F80="",G80=""),"",ROUND((G80-F80)*24*60,0)) -> 31 | P80: =IF(O80="","",O80+H80+I80) -> 62 | Q80: =IF(OR($P80="",$S80=""),"",IFERROR($P80-INDEX(Config!$E$15:$E$18,MATCH($S80,Config!$B$15:$B$18,0)),"")) -> 2 | R80: =IF($A80="","",IF($D80="","Ausente",IF($N80="","",IF($N80>0,"Atrasado","Puntual")))) -> Puntual | S80: =IF(OR($A80="",$C80=""),"",IFERROR(INDEX(Turno!$C$3:$V$32,MATCH($C80,Turno!$B$3:$B$32,0),MATCH(DAY($A80),Turno!$C$1:$V$1,0)),"")) -> A | T80: =IF(OR($E80="",$S80=""),"",IFERROR(MAX(0,ROUND((INDEX(Config!$D$15:$D$18,MATCH($S80,Config!$B$15:$B$18,0))-$E80)*1440,0)),"")) -> 29 | U80: =IF(OR($N80="",$T80=""),"",IFERROR(MAX(0,1-($N80+$T80+MAX(0,N($Q80)))/ROUND((INDEX(Config!$D$15:$D$18,MATCH($S80,Config!$B$15:$B$18,0))-INDEX(Config!$C$15:$C$18,MATCH($S80,Config!$B$15:$B$18,0)))*1440,0)),"")) -> 0.94833333
A81: 46244 | B81: 18123009-6 | C81: =IFERROR(INDEX(Ejecutivos!$B$2:$B$100,MATCH(B81,Ejecutivos!$A$2:$A$100,0)),"") -> MAXIMILIANO OLIVARES | D81: 08:39 | E81: 17:30 | F81: 0 | G81: 0 | H81: 15 | I81: 16 | J81: 34 | K81: 5 | L81: 0 | M81: =IF(OR(D81="",E81=""),"",ROUND(((E81-D81)*24)-((G81-F81)*24)-((H81+I81)/60),2)) -> 8.33 | N81: =IF(OR($D81="",$S81=""),"",IFERROR(MAX(0,ROUND(($D81-INDEX(Config!$C$15:$C$18,MATCH($S81,Config!$B$15:$B$18,0)))*24*60,0)),"")) -> 9 | O81: =IF(OR(F81="",G81=""),"",ROUND((G81-F81)*24*60,0)) -> 0 | P81: =IF(O81="","",O81+H81+I81) -> 31 | Q81: =IF(OR($P81="",$S81=""),"",IFERROR($P81-INDEX(Config!$E$15:$E$18,MATCH($S81,Config!$B$15:$B$18,0)),"")) -> -29 | R81: =IF($A81="","",IF($D81="","Ausente",IF($N81="","",IF($N81>0,"Atrasado","Puntual")))) -> Atrasado | S81: =IF(OR($A81="",$C81=""),"",IFERROR(INDEX(Turno!$C$3:$V$32,MATCH($C81,Turno!$B$3:$B$32,0),MATCH(DAY($A81),Turno!$C$1:$V$1,0)),"")) -> B | T81: =IF(OR($E81="",$S81=""),"",IFERROR(MAX(0,ROUND((INDEX(Config!$D$15:$D$18,MATCH($S81,Config!$B$15:$B$18,0))-$E81)*1440,0)),"")) -> 0 | U81: =IF(OR($N81="",$T81=""),"",IFERROR(MAX(0,1-($N81+$T81+MAX(0,N($Q81)))/ROUND((INDEX(Config!$D$15:$D$18,MATCH($S81,Config!$B$15:$B$18,0))-INDEX(Config!$C$15:$C$18,MATCH($S81,Config!$B$15:$B$18,0)))*1440,0)),"")) -> 0.98333333
A82: 46244 | B82: 19421111-2 | C82: =IFERROR(INDEX(Ejecutivos!$B$2:$B$100,MATCH(B82,Ejecutivos!$A$2:$A$100,0)),"") -> MELISSA SALGADO | D82: 08:32 | E82: 18:30 | F82: 12:36 | G82: 13:36 | H82: 15 | I82: 15 | J82: 25 | K82: 5 | L82: 0 | M82: =IF(OR(D82="",E82=""),"",ROUND(((E82-D82)*24)-((G82-F82)*24)-((H82+I82)/60),2)) -> 8.47 | N82: =IF(OR($D82="",$S82=""),"",IFERROR(MAX(0,ROUND(($D82-INDEX(Config!$C$15:$C$18,MATCH($S82,Config!$B$15:$B$18,0)))*24*60,0)),"")) -> 2 | O82: =IF(OR(F82="",G82=""),"",ROUND((G82-F82)*24*60,0)) -> 60 | P82: =IF(O82="","",O82+H82+I82) -> 90 | Q82: =IF(OR($P82="",$S82=""),"",IFERROR($P82-INDEX(Config!$E$15:$E$18,MATCH($S82,Config!$B$15:$B$18,0)),"")) -> 30 | R82: =IF($A82="","",IF($D82="","Ausente",IF($N82="","",IF($N82>0,"Atrasado","Puntual")))) -> Atrasado | S82: =IF(OR($A82="",$C82=""),"",IFERROR(INDEX(Turno!$C$3:$V$32,MATCH($C82,Turno!$B$3:$B$32,0),MATCH(DAY($A82),Turno!$C$1:$V$1,0)),"")) -> A | T82: =IF(OR($E82="",$S82=""),"",IFERROR(MAX(0,ROUND((INDEX(Config!$D$15:$D$18,MATCH($S82,Config!$B$15:$B$18,0))-$E82)*1440,0)),"")) -> 0 | U82: =IF(OR($N82="",$T82=""),"",IFERROR(MAX(0,1-($N82+$T82+MAX(0,N($Q82)))/ROUND((INDEX(Config!$D$15:$D$18,MATCH($S82,Config!$B$15:$B$18,0))-INDEX(Config!$C$15:$C$18,MATCH($S82,Config!$B$15:$B$18,0)))*1440,0)),"")) -> 0.94666667
A83: 46244 | B83: 27105214-6 | C83: =IFERROR(INDEX(Ejecutivos!$B$2:$B$100,MATCH(B83,Ejecutivos!$A$2:$A$100,0)),"") -> NANCI MENDEZ | D83: 08:25 | E83: 18:32 | F83: 12:42 | G83: 13:42 | H83: 15 | I83: 16 | J83: 0 | K83: 0 | L83: 0 | M83: =IF(OR(D83="",E83=""),"",ROUND(((E83-D83)*24)-((G83-F83)*24)-((H83+I83)/60),2)) -> 8.6 | N83: =IF(OR($D83="",$S83=""),"",IFERROR(MAX(0,ROUND(($D83-INDEX(Config!$C$15:$C$18,MATCH($S83,Config!$B$15:$B$18,0)))*24*60,0)),"")) -> 0 | O83: =IF(OR(F83="",G83=""),"",ROUND((G83-F83)*24*60,0)) -> 60 | P83: =IF(O83="","",O83+H83+I83) -> 91 | Q83: =IF(OR($P83="",$S83=""),"",IFERROR($P83-INDEX(Config!$E$15:$E$18,MATCH($S83,Config!$B$15:$B$18,0)),"")) -> 31 | R83: =IF($A83="","",IF($D83="","Ausente",IF($N83="","",IF($N83>0,"Atrasado","Puntual")))) -> Puntual | S83: =IF(OR($A83="",$C83=""),"",IFERROR(INDEX(Turno!$C$3:$V$32,MATCH($C83,Turno!$B$3:$B$32,0),MATCH(DAY($A83),Turno!$C$1:$V$1,0)),"")) -> A | T83: =IF(OR($E83="",$S83=""),"",IFERROR(MAX(0,ROUND((INDEX(Config!$D$15:$D$18,MATCH($S83,Config!$B$15:$B$18,0))-$E83)*1440,0)),"")) -> 0 | U83: =IF(OR($N83="",$T83=""),"",IFERROR(MAX(0,1-($N83+$T83+MAX(0,N($Q83)))/ROUND((INDEX(Config!$D$15:$D$18,MATCH($S83,Config!$B$15:$B$18,0))-INDEX(Config!$C$15:$C$18,MATCH($S83,Config!$B$15:$B$18,0)))*1440,0)),"")) -> 0.94833333
A84: 46244 | B84: 20828148-8 | C84: =IFERROR(INDEX(Ejecutivos!$B$2:$B$100,MATCH(B84,Ejecutivos!$A$2:$A$100,0)),"") -> TOMAS MAULEN | D84: 08:33 | E84: 18:37 | F84: 15:10 | G84: 16:11 | H84: 16 | I84: 3 | J84: 20 | K84: 1 | L84: 0 | M84: =IF(OR(D84="",E84=""),"",ROUND(((E84-D84)*24)-((G84-F84)*24)-((H84+I84)/60),2)) -> 8.73 | N84: =IF(OR($D84="",$S84=""),"",IFERROR(MAX(0,ROUND(($D84-INDEX(Config!$C$15:$C$18,MATCH($S84,Config!$B$15:$B$18,0)))*24*60,0)),"")) -> 3 | O84: =IF(OR(F84="",G84=""),"",ROUND((G84-F84)*24*60,0)) -> 61 | P84: =IF(O84="","",O84+H84+I84) -> 80 | Q84: =IF(OR($P84="",$S84=""),"",IFERROR($P84-INDEX(Config!$E$15:$E$18,MATCH($S84,Config!$B$15:$B$18,0)),"")) -> 20 | R84: =IF($A84="","",IF($D84="","Ausente",IF($N84="","",IF($N84>0,"Atrasado","Puntual")))) -> Atrasado | S84: =IF(OR($A84="",$C84=""),"",IFERROR(INDEX(Turno!$C$3:$V$32,MATCH($C84,Turno!$B$3:$B$32,0),MATCH(DAY($A84),Turno!$C$1:$V$1,0)),"")) -> A | T84: =IF(OR($E84="",$S84=""),"",IFERROR(MAX(0,ROUND((INDEX(Config!$D$15:$D$18,MATCH($S84,Config!$B$15:$B$18,0))-$E84)*1440,0)),"")) -> 0 | U84: =IF(OR($N84="",$T84=""),"",IFERROR(MAX(0,1-($N84+$T84+MAX(0,N($Q84)))/ROUND((INDEX(Config!$D$15:$D$18,MATCH($S84,Config!$B$15:$B$18,0))-INDEX(Config!$C$15:$C$18,MATCH($S84,Config!$B$15:$B$18,0)))*1440,0)),"")) -> 0.96166667
C85: =IFERROR(INDEX(Ejecutivos!$B$2:$B$100,MATCH(B85,Ejecutivos!$A$2:$A$100,0)),"") | L85: 0 | M85: =IF(OR(D85="",E85=""),"",ROUND(((E85-D85)*24)-((G85-F85)*24)-((H85+I85)/60),2)) | N85: =IF(OR($D85="",$S85=""),"",IFERROR(MAX(0,ROUND(($D85-INDEX(Config!$C$15:$C$18,MATCH($S85,Config!$B$15:$B$18,0)))*24*60,0)),"")) | O85: =IF(OR(F85="",G85=""),"",ROUND((G85-F85)*24*60,0)) | P85: =IF(O85="","",O85+H85+I85) | Q85: =IF(OR($P85="",$S85=""),"",IFERROR($P85-INDEX(Config!$E$15:$E$18,MATCH($S85,Config!$B$15:$B$18,0)),"")) | R85: =IF($A85="","",IF($D85="","Ausente",IF($N85="","",IF($N85>0,"Atrasado","Puntual")))) | S85: =IF(OR($A85="",$C85=""),"",IFERROR(INDEX(Turno!$C$3:$V$32,MATCH($C85,Turno!$B$3:$B$32,0),MATCH(DAY($A85),Turno!$C$1:$V$1,0)),"")) | T85: =IF(OR($E85="",$S85=""),"",IFERROR(MAX(0,ROUND((INDEX(Config!$D$15:$D$18,MATCH($S85,Config!$B$15:$B$18,0))-$E85)*1440,0)),"")) | U85: =IF(OR($N85="",$T85=""),"",IFERROR(MAX(0,1-($N85+$T85+MAX(0,N($Q85)))/ROUND((INDEX(Config!$D$15:$D$18,MATCH($S85,Config!$B$15:$B$18,0))-INDEX(Config!$C$15:$C$18,MATCH($S85,Config!$B$15:$B$18,0)))*1440,0)),""))
C86: =IFERROR(INDEX(Ejecutivos!$B$2:$B$100,MATCH(B86,Ejecutivos!$A$2:$A$100,0)),"") | L86: 0 | M86: =IF(OR(D86="",E86=""),"",ROUND(((E86-D86)*24)-((G86-F86)*24)-((H86+I86)/60),2)) | N86: =IF(OR($D86="",$S86=""),"",IFERROR(MAX(0,ROUND(($D86-INDEX(Config!$C$15:$C$18,MATCH($S86,Config!$B$15:$B$18,0)))*24*60,0)),"")) | O86: =IF(OR(F86="",G86=""),"",ROUND((G86-F86)*24*60,0)) | P86: =IF(O86="","",O86+H86+I86) | Q86: =IF(OR($P86="",$S86=""),"",IFERROR($P86-INDEX(Config!$E$15:$E$18,MATCH($S86,Config!$B$15:$B$18,0)),"")) | R86: =IF($A86="","",IF($D86="","Ausente",IF($N86="","",IF($N86>0,"Atrasado","Puntual")))) | S86: =IF(OR($A86="",$C86=""),"",IFERROR(INDEX(Turno!$C$3:$V$32,MATCH($C86,Turno!$B$3:$B$32,0),MATCH(DAY($A86),Turno!$C$1:$V$1,0)),"")) | T86: =IF(OR($E86="",$S86=""),"",IFERROR(MAX(0,ROUND((INDEX(Config!$D$15:$D$18,MATCH($S86,Config!$B$15:$B$18,0))-$E86)*1440,0)),"")) | U86: =IF(OR($N86="",$T86=""),"",IFERROR(MAX(0,1-($N86+$T86+MAX(0,N($Q86)))/ROUND((INDEX(Config!$D$15:$D$18,MATCH($S86,Config!$B$15:$B$18,0))-INDEX(Config!$C$15:$C$18,MATCH($S86,Config!$B$15:$B$18,0)))*1440,0)),""))
C87: =IFERROR(INDEX(Ejecutivos!$B$2:$B$100,MATCH(B87,Ejecutivos!$A$2:$A$100,0)),"") | L87: 0 | M87: =IF(OR(D87="",E87=""),"",ROUND(((E87-D87)*24)-((G87-F87)*24)-((H87+I87)/60),2)) | N87: =IF(OR($D87="",$S87=""),"",IFERROR(MAX(0,ROUND(($D87-INDEX(Config!$C$15:$C$18,MATCH($S87,Config!$B$15:$B$18,0)))*24*60,0)),"")) | O87: =IF(OR(F87="",G87=""),"",ROUND((G87-F87)*24*60,0)) | P87: =IF(O87="","",O87+H87+I87) | Q87: =IF(OR($P87="",$S87=""),"",IFERROR($P87-INDEX(Config!$E$15:$E$18,MATCH($S87,Config!$B$15:$B$18,0)),"")) | R87: =IF($A87="","",IF($D87="","Ausente",IF($N87="","",IF($N87>0,"Atrasado","Puntual")))) | S87: =IF(OR($A87="",$C87=""),"",IFERROR(INDEX(Turno!$C$3:$V$32,MATCH($C87,Turno!$B$3:$B$32,0),MATCH(DAY($A87),Turno!$C$1:$V$1,0)),"")) | T87: =IF(OR($E87="",$S87=""),"",IFERROR(MAX(0,ROUND((INDEX(Config!$D$15:$D$18,MATCH($S87,Config!$B$15:$B$18,0))-$E87)*1440,0)),"")) | U87: =IF(OR($N87="",$T87=""),"",IFERROR(MAX(0,1-($N87+$T87+MAX(0,N($Q87)))/ROUND((INDEX(Config!$D$15:$D$18,MATCH($S87,Config!$B$15:$B$18,0))-INDEX(Config!$C$15:$C$18,MATCH($S87,Config!$B$15:$B$18,0)))*1440,0)),""))
C88: =IFERROR(INDEX(Ejecutivos!$B$2:$B$100,MATCH(B88,Ejecutivos!$A$2:$A$100,0)),"") | L88: 0 | M88: =IF(OR(D88="",E88=""),"",ROUND(((E88-D88)*24)-((G88-F88)*24)-((H88+I88)/60),2)) | N88: =IF(OR($D88="",$S88=""),"",IFERROR(MAX(0,ROUND(($D88-INDEX(Config!$C$15:$C$18,MATCH($S88,Config!$B$15:$B$18,0)))*24*60,0)),"")) | O88: =IF(OR(F88="",G88=""),"",ROUND((G88-F88)*24*60,0)) | P88: =IF(O88="","",O88+H88+I88) | Q88: =IF(OR($P88="",$S88=""),"",IFERROR($P88-INDEX(Config!$E$15:$E$18,MATCH($S88,Config!$B$15:$B$18,0)),"")) | R88: =IF($A88="","",IF($D88="","Ausente",IF($N88="","",IF($N88>0,"Atrasado","Puntual")))) | S88: =IF(OR($A88="",$C88=""),"",IFERROR(INDEX(Turno!$C$3:$V$32,MATCH($C88,Turno!$B$3:$B$32,0),MATCH(DAY($A88),Turno!$C$1:$V$1,0)),"")) | T88: =IF(OR($E88="",$S88=""),"",IFERROR(MAX(0,ROUND((INDEX(Config!$D$15:$D$18,MATCH($S88,Config!$B$15:$B$18,0))-$E88)*1440,0)),"")) | U88: =IF(OR($N88="",$T88=""),"",IFERROR(MAX(0,1-($N88+$T88+MAX(0,N($Q88)))/ROUND((INDEX(Config!$D$15:$D$18,MATCH($S88,Config!$B$15:$B$18,0))-INDEX(Config!$C$15:$C$18,MATCH($S88,Config!$B$15:$B$18,0)))*1440,0)),""))
C89: =IFERROR(INDEX(Ejecutivos!$B$2:$B$100,MATCH(B89,Ejecutivos!$A$2:$A$100,0)),"") | L89: 0 | M89: =IF(OR(D89="",E89=""),"",ROUND(((E89-D89)*24)-((G89-F89)*24)-((H89+I89)/60),2)) | N89: =IF(OR($D89="",$S89=""),"",IFERROR(MAX(0,ROUND(($D89-INDEX(Config!$C$15:$C$18,MATCH($S89,Config!$B$15:$B$18,0)))*24*60,0)),"")) | O89: =IF(OR(F89="",G89=""),"",ROUND((G89-F89)*24*60,0)) | P89: =IF(O89="","",O89+H89+I89) | Q89: =IF(OR($P89="",$S89=""),"",IFERROR($P89-INDEX(Config!$E$15:$E$18,MATCH($S89,Config!$B$15:$B$18,0)),"")) | R89: =IF($A89="","",IF($D89="","Ausente",IF($N89="","",IF($N89>0,"Atrasado","Puntual")))) | S89: =IF(OR($A89="",$C89=""),"",IFERROR(INDEX(Turno!$C$3:$V$32,MATCH($C89,Turno!$B$3:$B$32,0),MATCH(DAY($A89),Turno!$C$1:$V$1,0)),"")) | T89: =IF(OR($E89="",$S89=""),"",IFERROR(MAX(0,ROUND((INDEX(Config!$D$15:$D$18,MATCH($S89,Config!$B$15:$B$18,0))-$E89)*1440,0)),"")) | U89: =IF(OR($N89="",$T89=""),"",IFERROR(MAX(0,1-($N89+$T89+MAX(0,N($Q89)))/ROUND((INDEX(Config!$D$15:$D$18,MATCH($S89,Config!$B$15:$B$18,0))-INDEX(Config!$C$15:$C$18,MATCH($S89,Config!$B$15:$B$18,0)))*1440,0)),""))
C90: =IFERROR(INDEX(Ejecutivos!$B$2:$B$100,MATCH(B90,Ejecutivos!$A$2:$A$100,0)),"") | L90: 0 | M90: =IF(OR(D90="",E90=""),"",ROUND(((E90-D90)*24)-((G90-F90)*24)-((H90+I90)/60),2)) | N90: =IF(OR($D90="",$S90=""),"",IFERROR(MAX(0,ROUND(($D90-INDEX(Config!$C$15:$C$18,MATCH($S90,Config!$B$15:$B$18,0)))*24*60,0)),"")) | O90: =IF(OR(F90="",G90=""),"",ROUND((G90-F90)*24*60,0)) | P90: =IF(O90="","",O90+H90+I90) | Q90: =IF(OR($P90="",$S90=""),"",IFERROR($P90-INDEX(Config!$E$15:$E$18,MATCH($S90,Config!$B$15:$B$18,0)),"")) | R90: =IF($A90="","",IF($D90="","Ausente",IF($N90="","",IF($N90>0,"Atrasado","Puntual")))) | S90: =IF(OR($A90="",$C90=""),"",IFERROR(INDEX(Turno!$C$3:$V$32,MATCH($C90,Turno!$B$3:$B$32,0),MATCH(DAY($A90),Turno!$C$1:$V$1,0)),"")) | T90: =IF(OR($E90="",$S90=""),"",IFERROR(MAX(0,ROUND((INDEX(Config!$D$15:$D$18,MATCH($S90,Config!$B$15:$B$18,0))-$E90)*1440,0)),"")) | U90: =IF(OR($N90="",$T90=""),"",IFERROR(MAX(0,1-($N90+$T90+MAX(0,N($Q90)))/ROUND((INDEX(Config!$D$15:$D$18,MATCH($S90,Config!$B$15:$B$18,0))-INDEX(Config!$C$15:$C$18,MATCH($S90,Config!$B$15:$B$18,0)))*1440,0)),""))
C91: =IFERROR(INDEX(Ejecutivos!$B$2:$B$100,MATCH(B91,Ejecutivos!$A$2:$A$100,0)),"") | L91: 0 | M91: =IF(OR(D91="",E91=""),"",ROUND(((E91-D91)*24)-((G91-F91)*24)-((H91+I91)/60),2)) | N91: =IF(OR($D91="",$S91=""),"",IFERROR(MAX(0,ROUND(($D91-INDEX(Config!$C$15:$C$18,MATCH($S91,Config!$B$15:$B$18,0)))*24*60,0)),"")) | O91: =IF(OR(F91="",G91=""),"",ROUND((G91-F91)*24*60,0)) | P91: =IF(O91="","",O91+H91+I91) | Q91: =IF(OR($P91="",$S91=""),"",IFERROR($P91-INDEX(Config!$E$15:$E$18,MATCH($S91,Config!$B$15:$B$18,0)),"")) | R91: =IF($A91="","",IF($D91="","Ausente",IF($N91="","",IF($N91>0,"Atrasado","Puntual")))) | S91: =IF(OR($A91="",$C91=""),"",IFERROR(INDEX(Turno!$C$3:$V$32,MATCH($C91,Turno!$B$3:$B$32,0),MATCH(DAY($A91),Turno!$C$1:$V$1,0)),"")) | T91: =IF(OR($E91="",$S91=""),"",IFERROR(MAX(0,ROUND((INDEX(Config!$D$15:$D$18,MATCH($S91,Config!$B$15:$B$18,0))-$E91)*1440,0)),"")) | U91: =IF(OR($N91="",$T91=""),"",IFERROR(MAX(0,1-($N91+$T91+MAX(0,N($Q91)))/ROUND((INDEX(Config!$D$15:$D$18,MATCH($S91,Config!$B$15:$B$18,0))-INDEX(Config!$C$15:$C$18,MATCH($S91,Config!$B$15:$B$18,0)))*1440,0)),""))
C92: =IFERROR(INDEX(Ejecutivos!$B$2:$B$100,MATCH(B92,Ejecutivos!$A$2:$A$100,0)),"") | L92: 0 | M92: =IF(OR(D92="",E92=""),"",ROUND(((E92-D92)*24)-((G92-F92)*24)-((H92+I92)/60),2)) | N92: =IF(OR($D92="",$S92=""),"",IFERROR(MAX(0,ROUND(($D92-INDEX(Config!$C$15:$C$18,MATCH($S92,Config!$B$15:$B$18,0)))*24*60,0)),"")) | O92: =IF(OR(F92="",G92=""),"",ROUND((G92-F92)*24*60,0)) | P92: =IF(O92="","",O92+H92+I92) | Q92: =IF(OR($P92="",$S92=""),"",IFERROR($P92-INDEX(Config!$E$15:$E$18,MATCH($S92,Config!$B$15:$B$18,0)),"")) | R92: =IF($A92="","",IF($D92="","Ausente",IF($N92="","",IF($N92>0,"Atrasado","Puntual")))) | S92: =IF(OR($A92="",$C92=""),"",IFERROR(INDEX(Turno!$C$3:$V$32,MATCH($C92,Turno!$B$3:$B$32,0),MATCH(DAY($A92),Turno!$C$1:$V$1,0)),"")) | T92: =IF(OR($E92="",$S92=""),"",IFERROR(MAX(0,ROUND((INDEX(Config!$D$15:$D$18,MATCH($S92,Config!$B$15:$B$18,0))-$E92)*1440,0)),"")) | U92: =IF(OR($N92="",$T92=""),"",IFERROR(MAX(0,1-($N92+$T92+MAX(0,N($Q92)))/ROUND((INDEX(Config!$D$15:$D$18,MATCH($S92,Config!$B$15:$B$18,0))-INDEX(Config!$C$15:$C$18,MATCH($S92,Config!$B$15:$B$18,0)))*1440,0)),""))
C93: =IFERROR(INDEX(Ejecutivos!$B$2:$B$100,MATCH(B93,Ejecutivos!$A$2:$A$100,0)),"") | L93: 0 | M93: =IF(OR(D93="",E93=""),"",ROUND(((E93-D93)*24)-((G93-F93)*24)-((H93+I93)/60),2)) | N93: =IF(OR($D93="",$S93=""),"",IFERROR(MAX(0,ROUND(($D93-INDEX(Config!$C$15:$C$18,MATCH($S93,Config!$B$15:$B$18,0)))*24*60,0)),"")) | O93: =IF(OR(F93="",G93=""),"",ROUND((G93-F93)*24*60,0)) | P93: =IF(O93="","",O93+H93+I93) | Q93: =IF(OR($P93="",$S93=""),"",IFERROR($P93-INDEX(Config!$E$15:$E$18,MATCH($S93,Config!$B$15:$B$18,0)),"")) | R93: =IF($A93="","",IF($D93="","Ausente",IF($N93="","",IF($N93>0,"Atrasado","Puntual")))) | S93: =IF(OR($A93="",$C93=""),"",IFERROR(INDEX(Turno!$C$3:$V$32,MATCH($C93,Turno!$B$3:$B$32,0),MATCH(DAY($A93),Turno!$C$1:$V$1,0)),"")) | T93: =IF(OR($E93="",$S93=""),"",IFERROR(MAX(0,ROUND((INDEX(Config!$D$15:$D$18,MATCH($S93,Config!$B$15:$B$18,0))-$E93)*1440,0)),"")) | U93: =IF(OR($N93="",$T93=""),"",IFERROR(MAX(0,1-($N93+$T93+MAX(0,N($Q93)))/ROUND((INDEX(Config!$D$15:$D$18,MATCH($S93,Config!$B$15:$B$18,0))-INDEX(Config!$C$15:$C$18,MATCH($S93,Config!$B$15:$B$18,0)))*1440,0)),""))
C94: =IFERROR(INDEX(Ejecutivos!$B$2:$B$100,MATCH(B94,Ejecutivos!$A$2:$A$100,0)),"") | L94: 0 | M94: =IF(OR(D94="",E94=""),"",ROUND(((E94-D94)*24)-((G94-F94)*24)-((H94+I94)/60),2)) | N94: =IF(OR($D94="",$S94=""),"",IFERROR(MAX(0,ROUND(($D94-INDEX(Config!$C$15:$C$18,MATCH($S94,Config!$B$15:$B$18,0)))*24*60,0)),"")) | O94: =IF(OR(F94="",G94=""),"",ROUND((G94-F94)*24*60,0)) | P94: =IF(O94="","",O94+H94+I94) | Q94: =IF(OR($P94="",$S94=""),"",IFERROR($P94-INDEX(Config!$E$15:$E$18,MATCH($S94,Config!$B$15:$B$18,0)),"")) | R94: =IF($A94="","",IF($D94="","Ausente",IF($N94="","",IF($N94>0,"Atrasado","Puntual")))) | S94: =IF(OR($A94="",$C94=""),"",IFERROR(INDEX(Turno!$C$3:$V$32,MATCH($C94,Turno!$B$3:$B$32,0),MATCH(DAY($A94),Turno!$C$1:$V$1,0)),"")) | T94: =IF(OR($E94="",$S94=""),"",IFERROR(MAX(0,ROUND((INDEX(Config!$D$15:$D$18,MATCH($S94,Config!$B$15:$B$18,0))-$E94)*1440,0)),"")) | U94: =IF(OR($N94="",$T94=""),"",IFERROR(MAX(0,1-($N94+$T94+MAX(0,N($Q94)))/ROUND((INDEX(Config!$D$15:$D$18,MATCH($S94,Config!$B$15:$B$18,0))-INDEX(Config!$C$15:$C$18,MATCH($S94,Config!$B$15:$B$18,0)))*1440,0)),""))
C95: =IFERROR(INDEX(Ejecutivos!$B$2:$B$100,MATCH(B95,Ejecutivos!$A$2:$A$100,0)),"") | L95: 0 | M95: =IF(OR(D95="",E95=""),"",ROUND(((E95-D95)*24)-((G95-F95)*24)-((H95+I95)/60),2)) | N95: =IF(OR($D95="",$S95=""),"",IFERROR(MAX(0,ROUND(($D95-INDEX(Config!$C$15:$C$18,MATCH($S95,Config!$B$15:$B$18,0)))*24*60,0)),"")) | O95: =IF(OR(F95="",G95=""),"",ROUND((G95-F95)*24*60,0)) | P95: =IF(O95="","",O95+H95+I95) | Q95: =IF(OR($P95="",$S95=""),"",IFERROR($P95-INDEX(Config!$E$15:$E$18,MATCH($S95,Config!$B$15:$B$18,0)),"")) | R95: =IF($A95="","",IF($D95="","Ausente",IF($N95="","",IF($N95>0,"Atrasado","Puntual")))) | S95: =IF(OR($A95="",$C95=""),"",IFERROR(INDEX(Turno!$C$3:$V$32,MATCH($C95,Turno!$B$3:$B$32,0),MATCH(DAY($A95),Turno!$C$1:$V$1,0)),"")) | T95: =IF(OR($E95="",$S95=""),"",IFERROR(MAX(0,ROUND((INDEX(Config!$D$15:$D$18,MATCH($S95,Config!$B$15:$B$18,0))-$E95)*1440,0)),"")) | U95: =IF(OR($N95="",$T95=""),"",IFERROR(MAX(0,1-($N95+$T95+MAX(0,N($Q95)))/ROUND((INDEX(Config!$D$15:$D$18,MATCH($S95,Config!$B$15:$B$18,0))-INDEX(Config!$C$15:$C$18,MATCH($S95,Config!$B$15:$B$18,0)))*1440,0)),""))
C96: =IFERROR(INDEX(Ejecutivos!$B$2:$B$100,MATCH(B96,Ejecutivos!$A$2:$A$100,0)),"") | L96: 0 | M96: =IF(OR(D96="",E96=""),"",ROUND(((E96-D96)*24)-((G96-F96)*24)-((H96+I96)/60),2)) | N96: =IF(OR($D96="",$S96=""),"",IFERROR(MAX(0,ROUND(($D96-INDEX(Config!$C$15:$C$18,MATCH($S96,Config!$B$15:$B$18,0)))*24*60,0)),"")) | O96: =IF(OR(F96="",G96=""),"",ROUND((G96-F96)*24*60,0)) | P96: =IF(O96="","",O96+H96+I96) | Q96: =IF(OR($P96="",$S96=""),"",IFERROR($P96-INDEX(Config!$E$15:$E$18,MATCH($S96,Config!$B$15:$B$18,0)),"")) | R96: =IF($A96="","",IF($D96="","Ausente",IF($N96="","",IF($N96>0,"Atrasado","Puntual")))) | S96: =IF(OR($A96="",$C96=""),"",IFERROR(INDEX(Turno!$C$3:$V$32,MATCH($C96,Turno!$B$3:$B$32,0),MATCH(DAY($A96),Turno!$C$1:$V$1,0)),"")) | T96: =IF(OR($E96="",$S96=""),"",IFERROR(MAX(0,ROUND((INDEX(Config!$D$15:$D$18,MATCH($S96,Config!$B$15:$B$18,0))-$E96)*1440,0)),"")) | U96: =IF(OR($N96="",$T96=""),"",IFERROR(MAX(0,1-($N96+$T96+MAX(0,N($Q96)))/ROUND((INDEX(Config!$D$15:$D$18,MATCH($S96,Config!$B$15:$B$18,0))-INDEX(Config!$C$15:$C$18,MATCH($S96,Config!$B$15:$B$18,0)))*1440,0)),""))
... C242: =IFERROR(INDEX(Ejecutivos!$B$2:$B$100,MATCH(B242,Ejecutivos!$A$2:$A$100,0)),"") | L242: 0 | M242: =IF(OR(D242="",E242=""),"",ROUND(((E242-D242)*24)-((G242-F242)*24)-((H242+I242)/60),2)) | N242: =IF(OR($D242="",$S242=""),"",IFERROR(MAX(0,ROUND(($D242-INDEX(Config!$C$15:$C$18,MATCH($S242,Config!$B$15:$B$18,0)))*24*60,0)),"")) | O242: =IF(OR(F242="",G242=""),"",ROUND((G242-F242)*24*60,0)) | P242: =IF(O242="","",O242+H242+I242) | Q242: =IF(OR($P242="",$S242=""),"",IFERROR($P242-INDEX(Config!$E$15:$E$18,MATCH($S242,Config!$B$15:$B$18,0)),"")) | R242: =IF($A242="","",IF($D242="","Ausente",IF($N242="","",IF($N242>0,"Atrasado","Puntual")))) | S242: =IF(OR($A242="",$C242=""),"",IFERROR(INDEX(Turno!$C$3:$V$32,MATCH($C242,Turno!$B$3:$B$32,0),MATCH(DAY($A242),Turno!$C$1:$V$1,0)),"")) | T242: =IF(OR($E242="",$S242=""),"",IFERROR(MAX(0,ROUND((INDEX(Config!$D$15:$D$18,MATCH($S242,Config!$B$15:$B$18,0))-$E242)*1440,0)),"")) | U242: =IF(OR($N242="",$T242=""),"",IFERROR(MAX(0,1-($N242+$T242+MAX(0,N($Q242)))/ROUND((INDEX(Config!$D$15:$D$18,MATCH($S242,Config!$B$15:$B$18,0))-INDEX(Config!$C$15:$C$18,MATCH($S242,Config!$B$15:$B$18,0)))*1440,0)),""))
C243: =IFERROR(INDEX([1]Ejecutivos!$B$2:$B$101,MATCH(B243,[1]Ejecutivos!$A$2:$A$101,0)),"") | L243: 0 | M243: =IF(OR(D243="",E243=""),"",ROUND(((E243-D243)*24)-((G243-F243)*24)-((H243+I243)/60),2)) | N243: =IF(OR($D243="",$S243=""),"",IFERROR(MAX(0,ROUND(($D243-INDEX(Config!$C$15:$C$18,MATCH($S243,Config!$B$15:$B$18,0)))*24*60,0)),"")) | O243: =IF(OR(F243="",G243=""),"",ROUND((G243-F243)*24*60,0)) | P243: =IF(O243="","",O243+H243+I243) | Q243: =IF(OR($P243="",$S243=""),"",IFERROR($P243-INDEX(Config!$E$15:$E$18,MATCH($S243,Config!$B$15:$B$18,0)),"")) | R243: =IF($A243="","",IF($D243="","Ausente",IF($N243="","",IF($N243>0,"Atrasado","Puntual")))) | S243: =IF(OR($A243="",$C243=""),"",IFERROR(INDEX(Turno!$C$3:$V$32,MATCH($C243,Turno!$B$3:$B$32,0),MATCH(DAY($A243),Turno!$C$1:$V$1,0)),"")) | T243: =IF(OR($E243="",$S243=""),"",IFERROR(MAX(0,ROUND((INDEX(Config!$D$15:$D$18,MATCH($S243,Config!$B$15:$B$18,0))-$E243)*1440,0)),"")) | U243: =IF(OR($N243="",$T243=""),"",IFERROR(MAX(0,1-($N243+$T243+MAX(0,N($Q243)))/ROUND((INDEX(Config!$D$15:$D$18,MATCH($S243,Config!$B$15:$B$18,0))-INDEX(Config!$C$15:$C$18,MATCH($S243,Config!$B$15:$B$18,0)))*1440,0)),""))
C244: =IFERROR(INDEX([1]Ejecutivos!$B$2:$B$101,MATCH(B244,[1]Ejecutivos!$A$2:$A$101,0)),"") | L244: 0 | M244: =IF(OR(D244="",E244=""),"",ROUND(((E244-D244)*24)-((G244-F244)*24)-((H244+I244)/60),2)) | N244: =IF(OR($D244="",$S244=""),"",IFERROR(MAX(0,ROUND(($D244-INDEX(Config!$C$15:$C$18,MATCH($S244,Config!$B$15:$B$18,0)))*24*60,0)),"")) | O244: =IF(OR(F244="",G244=""),"",ROUND((G244-F244)*24*60,0)) | P244: =IF(O244="","",O244+H244+I244) | Q244: =IF(OR($P244="",$S244=""),"",IFERROR($P244-INDEX(Config!$E$15:$E$18,MATCH($S244,Config!$B$15:$B$18,0)),"")) | R244: =IF($A244="","",IF($D244="","Ausente",IF($N244="","",IF($N244>0,"Atrasado","Puntual")))) | S244: =IF(OR($A244="",$C244=""),"",IFERROR(INDEX(Turno!$C$3:$V$32,MATCH($C244,Turno!$B$3:$B$32,0),MATCH(DAY($A244),Turno!$C$1:$V$1,0)),"")) | T244: =IF(OR($E244="",$S244=""),"",IFERROR(MAX(0,ROUND((INDEX(Config!$D$15:$D$18,MATCH($S244,Config!$B$15:$B$18,0))-$E244)*1440,0)),"")) | U244: =IF(OR($N244="",$T244=""),"",IFERROR(MAX(0,1-($N244+$T244+MAX(0,N($Q244)))/ROUND((INDEX(Config!$D$15:$D$18,MATCH($S244,Config!$B$15:$B$18,0))-INDEX(Config!$C$15:$C$18,MATCH($S244,Config!$B$15:$B$18,0)))*1440,0)),""))
C245: =IFERROR(INDEX([1]Ejecutivos!$B$2:$B$101,MATCH(B245,[1]Ejecutivos!$A$2:$A$101,0)),"") | L245: 0 | M245: =IF(OR(D245="",E245=""),"",ROUND(((E245-D245)*24)-((G245-F245)*24)-((H245+I245)/60),2)) | N245: =IF(OR($D245="",$S245=""),"",IFERROR(MAX(0,ROUND(($D245-INDEX(Config!$C$15:$C$18,MATCH($S245,Config!$B$15:$B$18,0)))*24*60,0)),"")) | O245: =IF(OR(F245="",G245=""),"",ROUND((G245-F245)*24*60,0)) | P245: =IF(O245="","",O245+H245+I245) | Q245: =IF(OR($P245="",$S245=""),"",IFERROR($P245-INDEX(Config!$E$15:$E$18,MATCH($S245,Config!$B$15:$B$18,0)),"")) | R245: =IF($A245="","",IF($D245="","Ausente",IF($N245="","",IF($N245>0,"Atrasado","Puntual")))) | S245: =IF(OR($A245="",$C245=""),"",IFERROR(INDEX(Turno!$C$3:$V$32,MATCH($C245,Turno!$B$3:$B$32,0),MATCH(DAY($A245),Turno!$C$1:$V$1,0)),"")) | T245: =IF(OR($E245="",$S245=""),"",IFERROR(MAX(0,ROUND((INDEX(Config!$D$15:$D$18,MATCH($S245,Config!$B$15:$B$18,0))-$E245)*1440,0)),"")) | U245: =IF(OR($N245="",$T245=""),"",IFERROR(MAX(0,1-($N245+$T245+MAX(0,N($Q245)))/ROUND((INDEX(Config!$D$15:$D$18,MATCH($S245,Config!$B$15:$B$18,0))-INDEX(Config!$C$15:$C$18,MATCH($S245,Config!$B$15:$B$18,0)))*1440,0)),""))
C246: =IFERROR(INDEX([1]Ejecutivos!$B$2:$B$101,MATCH(B246,[1]Ejecutivos!$A$2:$A$101,0)),"") | L246: 0 | M246: =IF(OR(D246="",E246=""),"",ROUND(((E246-D246)*24)-((G246-F246)*24)-((H246+I246)/60),2)) | N246: =IF(OR($D246="",$S246=""),"",IFERROR(MAX(0,ROUND(($D246-INDEX(Config!$C$15:$C$18,MATCH($S246,Config!$B$15:$B$18,0)))*24*60,0)),"")) | O246: =IF(OR(F246="",G246=""),"",ROUND((G246-F246)*24*60,0)) | P246: =IF(O246="","",O246+H246+I246) | Q246: =IF(OR($P246="",$S246=""),"",IFERROR($P246-INDEX(Config!$E$15:$E$18,MATCH($S246,Config!$B$15:$B$18,0)),"")) | R246: =IF($A246="","",IF($D246="","Ausente",IF($N246="","",IF($N246>0,"Atrasado","Puntual")))) | S246: =IF(OR($A246="",$C246=""),"",IFERROR(INDEX(Turno!$C$3:$V$32,MATCH($C246,Turno!$B$3:$B$32,0),MATCH(DAY($A246),Turno!$C$1:$V$1,0)),"")) | T246: =IF(OR($E246="",$S246=""),"",IFERROR(MAX(0,ROUND((INDEX(Config!$D$15:$D$18,MATCH($S246,Config!$B$15:$B$18,0))-$E246)*1440,0)),"")) | U246: =IF(OR($N246="",$T246=""),"",IFERROR(MAX(0,1-($N246+$T246+MAX(0,N($Q246)))/ROUND((INDEX(Config!$D$15:$D$18,MATCH($S246,Config!$B$15:$B$18,0))-INDEX(Config!$C$15:$C$18,MATCH($S246,Config!$B$15:$B$18,0)))*1440,0)),""))
C247: =IFERROR(INDEX([1]Ejecutivos!$B$2:$B$101,MATCH(B247,[1]Ejecutivos!$A$2:$A$101,0)),"") | L247: 0 | M247: =IF(OR(D247="",E247=""),"",ROUND(((E247-D247)*24)-((G247-F247)*24)-((H247+I247)/60),2)) | N247: =IF(OR($D247="",$S247=""),"",IFERROR(MAX(0,ROUND(($D247-INDEX(Config!$C$15:$C$18,MATCH($S247,Config!$B$15:$B$18,0)))*24*60,0)),"")) | O247: =IF(OR(F247="",G247=""),"",ROUND((G247-F247)*24*60,0)) | P247: =IF(O247="","",O247+H247+I247) | Q247: =IF(OR($P247="",$S247=""),"",IFERROR($P247-INDEX(Config!$E$15:$E$18,MATCH($S247,Config!$B$15:$B$18,0)),"")) | R247: =IF($A247="","",IF($D247="","Ausente",IF($N247="","",IF($N247>0,"Atrasado","Puntual")))) | S247: =IF(OR($A247="",$C247=""),"",IFERROR(INDEX(Turno!$C$3:$V$32,MATCH($C247,Turno!$B$3:$B$32,0),MATCH(DAY($A247),Turno!$C$1:$V$1,0)),"")) | T247: =IF(OR($E247="",$S247=""),"",IFERROR(MAX(0,ROUND((INDEX(Config!$D$15:$D$18,MATCH($S247,Config!$B$15:$B$18,0))-$E247)*1440,0)),"")) | U247: =IF(OR($N247="",$T247=""),"",IFERROR(MAX(0,1-($N247+$T247+MAX(0,N($Q247)))/ROUND((INDEX(Config!$D$15:$D$18,MATCH($S247,Config!$B$15:$B$18,0))-INDEX(Config!$C$15:$C$18,MATCH($S247,Config!$B$15:$B$18,0)))*1440,0)),""))
C248: =IFERROR(INDEX([1]Ejecutivos!$B$2:$B$101,MATCH(B248,[1]Ejecutivos!$A$2:$A$101,0)),"") | L248: 0 | M248: =IF(OR(D248="",E248=""),"",ROUND(((E248-D248)*24)-((G248-F248)*24)-((H248+I248)/60),2)) | N248: =IF(OR($D248="",$S248=""),"",IFERROR(MAX(0,ROUND(($D248-INDEX(Config!$C$15:$C$18,MATCH($S248,Config!$B$15:$B$18,0)))*24*60,0)),"")) | O248: =IF(OR(F248="",G248=""),"",ROUND((G248-F248)*24*60,0)) | P248: =IF(O248="","",O248+H248+I248) | Q248: =IF(OR($P248="",$S248=""),"",IFERROR($P248-INDEX(Config!$E$15:$E$18,MATCH($S248,Config!$B$15:$B$18,0)),"")) | R248: =IF($A248="","",IF($D248="","Ausente",IF($N248="","",IF($N248>0,"Atrasado","Puntual")))) | S248: =IF(OR($A248="",$C248=""),"",IFERROR(INDEX(Turno!$C$3:$V$32,MATCH($C248,Turno!$B$3:$B$32,0),MATCH(DAY($A248),Turno!$C$1:$V$1,0)),"")) | T248: =IF(OR($E248="",$S248=""),"",IFERROR(MAX(0,ROUND((INDEX(Config!$D$15:$D$18,MATCH($S248,Config!$B$15:$B$18,0))-$E248)*1440,0)),"")) | U248: =IF(OR($N248="",$T248=""),"",IFERROR(MAX(0,1-($N248+$T248+MAX(0,N($Q248)))/ROUND((INDEX(Config!$D$15:$D$18,MATCH($S248,Config!$B$15:$B$18,0))-INDEX(Config!$C$15:$C$18,MATCH($S248,Config!$B$15:$B$18,0)))*1440,0)),""))
...

Sheet KPI_Mensual
A1: Rut | B1: Nombre | C1: Llamadas | D1: Saliente | E1: TMO (seg) | F1: Disponibilidad | G1: Adherencia | H1: Ocupación | I1: Transferencias | J1: Cumplimiento meta | K1: Supervisor | L1: % Contactabilidad Out | M1: Tipificaciones
A2: 26612947-5 | B2: =IFERROR(INDEX([2]Ejecutivos!$B$2:$B$100,MATCH(A2,[2]Ejecutivos!$A$2:$A$100,0)),"") -> ALEJANDRA CHACON | E2: 158 | L2: 0.85 | M2: 0.98445596
A3: 13093458-7 | B3: =IFERROR(INDEX([2]Ejecutivos!$B$2:$B$100,MATCH(A3,[2]Ejecutivos!$A$2:$A$100,0)),"") -> ALEJANDRA ORELLANA | E3: 177 | L3: 0.93 | M3: 0.98938992
A4: 19060841-7 | B4: =IFERROR(INDEX([2]Ejecutivos!$B$2:$B$100,MATCH(A4,[2]Ejecutivos!$A$2:$A$100,0)),"") -> ATALY GARCIA | E4: 218 | L4: 0.89 | M4: 0.98425197
A5: 18637622-6 | B5: =IFERROR(INDEX([2]Ejecutivos!$B$2:$B$100,MATCH(A5,[2]Ejecutivos!$A$2:$A$100,0)),"") -> DANIELA RODRIGUEZ | E5: 257 | L5: 0.92 | M5: 0.97674419
A6: 14364155-4 | B6: =IFERROR(INDEX([2]Ejecutivos!$B$2:$B$100,MATCH(A6,[2]Ejecutivos!$A$2:$A$100,0)),"") -> ELSA GONGORA | E6: 213 | L6: 0.92 | M6: 0.95977011
A7: 13026344-5 | B7: =IFERROR(INDEX([2]Ejecutivos!$B$2:$B$100,MATCH(A7,[2]Ejecutivos!$A$2:$A$100,0)),"") -> KATIA HALD | E7: 247 | L7: 0.8 | M7: 0.97286822
A8: 13337549-K | B8: =IFERROR(INDEX([2]Ejecutivos!$B$2:$B$100,MATCH(A8,[2]Ejecutivos!$A$2:$A$100,0)),"") -> MANUELA ASTUDILLO | E8: 269 | L8: 1 | M8: 0.91304348
A9: 10446967-1 | B9: =IFERROR(INDEX([2]Ejecutivos!$B$2:$B$100,MATCH(A9,[2]Ejecutivos!$A$2:$A$100,0)),"") -> MARIA LORETO VELASQUEZ | E9: 303 | L9: 0.89473684 | M9: 0.94927536
A10: 18123009-6 | B10: =IFERROR(INDEX([2]Ejecutivos!$B$2:$B$100,MATCH(A10,[2]Ejecutivos!$A$2:$A$100,0)),"") -> MAXIMILIANO OLIVARES | E10: 286 | L10: 0.64634146 | M10: 0.94042553
A11: 19421111-2 | B11: =IFERROR(INDEX([2]Ejecutivos!$B$2:$B$100,MATCH(A11,[2]Ejecutivos!$A$2:$A$100,0)),"") -> MELISSA SALGADO | E11: 280 | L11: 0.88 | M11: 0.97424893
A12: 27105214-6 | B12: =IFERROR(INDEX([2]Ejecutivos!$B$2:$B$100,MATCH(A12,[2]Ejecutivos!$A$2:$A$100,0)),"") -> NANCI MENDEZ | E12: 240 | L12: 0.92 | M12: 0.976
A13: 20828148-8 | B13: =IFERROR(INDEX([2]Ejecutivos!$B$2:$B$100,MATCH(A13,[2]Ejecutivos!$A$2:$A$100,0)),"") -> TOMAS MAULEN | E13: 209 | L13: 0.89 | M13: 0.96186441
B14: ANA ASTORGA | E14: 348 | L14: =AVERAGE(L2:L13) -> 0.87842319 | M14: 0.85227273
B15: CATHERINE AEDO | E15: 207 | M15: 0.92647059
B16: JOHANA LLANCAPICHUN | E16: 187 | M16: 0.97647059

Sheet Outbound
A1: Rut | B1: Nombre | C1: Contactados | D1: No contactados | E1: % Contacto | F1: Observaciones
A2: 26612947-5 | B2: =IFERROR(INDEX(Ejecutivos!$B$2:$B$100,MATCH(A2,Ejecutivos!$A$2:$A$100,0)),"") -> ALEJANDRA CHACON | E2: =IF(OR(C2="",D2=""),"",IF((C2+D2)=0,"",C2/(C2+D2)))
A3: 13093458-7 | B3: =IFERROR(INDEX(Ejecutivos!$B$2:$B$100,MATCH(A3,Ejecutivos!$A$2:$A$100,0)),"") -> ALEJANDRA ORELLANA | E3: =IF(OR(C3="",D3=""),"",IF((C3+D3)=0,"",C3/(C3+D3)))
A4: 13336644-k | B4: =IFERROR(INDEX(Ejecutivos!$B$2:$B$100,MATCH(A4,Ejecutivos!$A$2:$A$100,0)),"") -> ANA ASTORGA | E4: =IF(OR(C4="",D4=""),"",IF((C4+D4)=0,"",C4/(C4+D4)))
A5: 19060841-7 | B5: =IFERROR(INDEX(Ejecutivos!$B$2:$B$100,MATCH(A5,Ejecutivos!$A$2:$A$100,0)),"") -> ATALY GARCIA | E5: =IF(OR(C5="",D5=""),"",IF((C5+D5)=0,"",C5/(C5+D5)))
A6: 18637622-6 | B6: =IFERROR(INDEX(Ejecutivos!$B$2:$B$100,MATCH(A6,Ejecutivos!$A$2:$A$100,0)),"") -> DANIELA RODRIGUEZ | E6: =IF(OR(C6="",D6=""),"",IF((C6+D6)=0,"",C6/(C6+D6)))
A7: 14364155-4 | B7: =IFERROR(INDEX(Ejecutivos!$B$2:$B$100,MATCH(A7,Ejecutivos!$A$2:$A$100,0)),"") -> ELSA GONGORA | E7: =IF(OR(C7="",D7=""),"",IF((C7+D7)=0,"",C7/(C7+D7)))
A8: 13026344-5 | B8: =IFERROR(INDEX(Ejecutivos!$B$2:$B$100,MATCH(A8,Ejecutivos!$A$2:$A$100,0)),"") -> KATIA HALD | E8: =IF(OR(C8="",D8=""),"",IF((C8+D8)=0,"",C8/(C8+D8)))
A9: 13638765-0 | B9: =IFERROR(INDEX(Ejecutivos!$B$2:$B$100,MATCH(A9,Ejecutivos!$A$2:$A$100,0)),"") -> MANUEL MONSALVE | E9: =IF(OR(C9="",D9=""),"",IF((C9+D9)=0,"",C9/(C9+D9)))
A10: 13337549-K | B10: =IFERROR(INDEX(Ejecutivos!$B$2:$B$100,MATCH(A10,Ejecutivos!$A$2:$A$100,0)),"") -> MANUELA ASTUDILLO | E10: =IF(OR(C10="",D10=""),"",IF((C10+D10)=0,"",C10/(C10+D10)))
A11: 10446967-1 | B11: =IFERROR(INDEX(Ejecutivos!$B$2:$B$100,MATCH(A11,Ejecutivos!$A$2:$A$100,0)),"") -> MARIA LORETO VELASQUEZ | E11: =IF(OR(C11="",D11=""),"",IF((C11+D11)=0,"",C11/(C11+D11)))
A12: 18123009-6 | B12: =IFERROR(INDEX(Ejecutivos!$B$2:$B$100,MATCH(A12,Ejecutivos!$A$2:$A$100,0)),"") -> MAXIMILIANO OLIVARES | E12: =IF(OR(C12="",D12=""),"",IF((C12+D12)=0,"",C12/(C12+D12)))
A13: 27105214-6 | B13: =IFERROR(INDEX(Ejecutivos!$B$2:$B$100,MATCH(A13,Ejecutivos!$A$2:$A$100,0)),"") -> NANCI MENDEZ | E13: =IF(OR(C13="",D13=""),"",IF((C13+D13)=0,"",C13/(C13+D13)))
A14: 20828148-8 | B14: =IFERROR(INDEX(Ejecutivos!$B$2:$B$100,MATCH(A14,Ejecutivos!$A$2:$A$100,0)),"") -> TOMAS MAULEN | E14: =IF(OR(C14="",D14=""),"",IF((C14+D14)=0,"",C14/(C14+D14)))
B15: =IFERROR(INDEX(Ejecutivos!$B$2:$B$100,MATCH(A15,Ejecutivos!$A$2:$A$100,0)),"") | E15: =IF(OR(C15="",D15=""),"",IF((C15+D15)=0,"",C15/(C15+D15)))
B16: =IFERROR(INDEX(Ejecutivos!$B$2:$B$100,MATCH(A16,Ejecutivos!$A$2:$A$100,0)),"") | E16: =IF(OR(C16="",D16=""),"",IF((C16+D16)=0,"",C16/(C16+D16)))
B17: =IFERROR(INDEX(Ejecutivos!$B$2:$B$100,MATCH(A17,Ejecutivos!$A$2:$A$100,0)),"") | E17: =IF(OR(C17="",D17=""),"",IF((C17+D17)=0,"",C17/(C17+D17)))
B18: =IFERROR(INDEX(Ejecutivos!$B$2:$B$100,MATCH(A18,Ejecutivos!$A$2:$A$100,0)),"") | E18: =IF(OR(C18="",D18=""),"",IF((C18+D18)=0,"",C18/(C18+D18)))
B19: =IFERROR(INDEX(Ejecutivos!$B$2:$B$100,MATCH(A19,Ejecutivos!$A$2:$A$100,0)),"") | E19: =IF(OR(C19="",D19=""),"",IF((C19+D19)=0,"",C19/(C19+D19)))
B20: =IFERROR(INDEX(Ejecutivos!$B$2:$B$100,MATCH(A20,Ejecutivos!$A$2:$A$100,0)),"") | E20: =IF(OR(C20="",D20=""),"",IF((C20+D20)=0,"",C20/(C20+D20)))
B21: =IFERROR(INDEX(Ejecutivos!$B$2:$B$100,MATCH(A21,Ejecutivos!$A$2:$A$100,0)),"") | E21: =IF(OR(C21="",D21=""),"",IF((C21+D21)=0,"",C21/(C21+D21)))
B22: =IFERROR(INDEX(Ejecutivos!$B$2:$B$100,MATCH(A22,Ejecutivos!$A$2:$A$100,0)),"") | E22: =IF(OR(C22="",D22=""),"",IF((C22+D22)=0,"",C22/(C22+D22)))
B23: =IFERROR(INDEX(Ejecutivos!$B$2:$B$100,MATCH(A23,Ejecutivos!$A$2:$A$100,0)),"") | E23: =IF(OR(C23="",D23=""),"",IF((C23+D23)=0,"",C23/(C23+D23)))
B24: =IFERROR(INDEX(Ejecutivos!$B$2:$B$100,MATCH(A24,Ejecutivos!$A$2:$A$100,0)),"") | E24: =IF(OR(C24="",D24=""),"",IF((C24+D24)=0,"",C24/(C24+D24)))
B25: =IFERROR(INDEX(Ejecutivos!$B$2:$B$100,MATCH(A25,Ejecutivos!$A$2:$A$100,0)),"") | E25: =IF(OR(C25="",D25=""),"",IF((C25+D25)=0,"",C25/(C25+D25)))
B26: =IFERROR(INDEX(Ejecutivos!$B$2:$B$100,MATCH(A26,Ejecutivos!$A$2:$A$100,0)),"") | E26: =IF(OR(C26="",D26=""),"",IF((C26+D26)=0,"",C26/(C26+D26)))
... B147: =IFERROR(INDEX(Ejecutivos!$B$2:$B$100,MATCH(A147,Ejecutivos!$A$2:$A$100,0)),"") | E147: =IF(OR(C147="",D147=""),"",IF((C147+D147)=0,"",C147/(C147+D147)))

Sheet Calidad
A1: Fecha | B1: Auditor | C1: Supervisor | D1: Rut | E1: Nombre | F1: Tipo de auditoría | G1: Puntaje (0-100) | H1: Error crítico | I1: Observaciones | J1: Estado
E2: =IFERROR(INDEX(Ejecutivos!$B$2:$B$100,MATCH(D2,Ejecutivos!$A$2:$A$100,0)),"")
E3: =IFERROR(INDEX(Ejecutivos!$B$2:$B$100,MATCH(D3,Ejecutivos!$A$2:$A$100,0)),"")
E4: =IFERROR(INDEX(Ejecutivos!$B$2:$B$100,MATCH(D4,Ejecutivos!$A$2:$A$100,0)),"")
E5: =IFERROR(INDEX(Ejecutivos!$B$2:$B$100,MATCH(D5,Ejecutivos!$A$2:$A$100,0)),"")
E6: =IFERROR(INDEX(Ejecutivos!$B$2:$B$100,MATCH(D6,Ejecutivos!$A$2:$A$100,0)),"")
E7: =IFERROR(INDEX(Ejecutivos!$B$2:$B$100,MATCH(D7,Ejecutivos!$A$2:$A$100,0)),"")
E8: =IFERROR(INDEX(Ejecutivos!$B$2:$B$100,MATCH(D8,Ejecutivos!$A$2:$A$100,0)),"")
E9: =IFERROR(INDEX(Ejecutivos!$B$2:$B$100,MATCH(D9,Ejecutivos!$A$2:$A$100,0)),"")
E10: =IFERROR(INDEX(Ejecutivos!$B$2:$B$100,MATCH(D10,Ejecutivos!$A$2:$A$100,0)),"")
E11: =IFERROR(INDEX(Ejecutivos!$B$2:$B$100,MATCH(D11,Ejecutivos!$A$2:$A$100,0)),"")
E12: =IFERROR(INDEX(Ejecutivos!$B$2:$B$100,MATCH(D12,Ejecutivos!$A$2:$A$100,0)),"")
E13: =IFERROR(INDEX(Ejecutivos!$B$2:$B$100,MATCH(D13,Ejecutivos!$A$2:$A$100,0)),"")
... E151: =IFERROR(INDEX(Ejecutivos!$B$2:$B$100,MATCH(D151,Ejecutivos!$A$2:$A$100,0)),"")

Sheet EPA
A1: Rut | B1: Nombre | C1: EPA 1 SNL | D1: EPA 2 SNL | E1: EPA 1 EP | F1: EPA 2 EP | G1: Transferencia | H1: Observaciones | I1: Supervisor
A2: 18696966-9 | B2: =IFERROR(INDEX(Ejecutivos!$B$2:$B$100,MATCH(A2,Ejecutivos!$A$2:$A$100,0)),"") -> CATHERINE AEDO | C2: 0.91089109 | D2: 0.96907216 | E2: 1 | F2: 0.94 | G2: 0.76797386
A3: 13336644-k | B3: =IFERROR(INDEX(Ejecutivos!$B$2:$B$100,MATCH(A3,Ejecutivos!$A$2:$A$100,0)),"") -> ANA ASTORGA | C3: 1 | D3: 1 | E3: 1 | F3: 1 | G3: 0.75
A4: 13337549-K | B4: =IFERROR(INDEX(Ejecutivos!$B$2:$B$100,MATCH(A4,Ejecutivos!$A$2:$A$100,0)),"") -> MANUELA ASTUDILLO | C4: 0.91666667 | D4: 0.95774648 | E4: 0.77142857 | F4: 0.96875 | G4: 0.81229773
A5: 26612947-5 | B5: =IFERROR(INDEX(Ejecutivos!$B$2:$B$100,MATCH(A5,Ejecutivos!$A$2:$A$100,0)),"") -> ALEJANDRA CHACON | C5: 0.93548387 | D5: 0.97752809 | E5: 0.9047619 | F5: 0.85714286 | G5: 0.76923077
A6: 19060841-7 | B6: =IFERROR(INDEX(Ejecutivos!$B$2:$B$100,MATCH(A6,Ejecutivos!$A$2:$A$100,0)),"") -> ATALY GARCIA | C6: 0.96402878 | D6: 0.96240602 | E6: 1 | F6: 0.90322581 | G6: 0.86428571
A7: 14364155-4 | B7: =IFERROR(INDEX(Ejecutivos!$B$2:$B$100,MATCH(A7,Ejecutivos!$A$2:$A$100,0)),"") -> ELSA GONGORA | C7: 0.9875 | D7: 0.98630137 | E7: 1 | F7: 0.95652174 | G7: 0.85064935
A8: 13026344-5 | B8: =IFERROR(INDEX(Ejecutivos!$B$2:$B$100,MATCH(A8,Ejecutivos!$A$2:$A$100,0)),"") -> KATIA HALD | C8: 0.94573643 | D8: 0.92982456 | E8: 0.93103448 | F8: 1 | G8: 0.85198556
A9: 16117577-3 | B9: =IFERROR(INDEX(Ejecutivos!$B$2:$B$100,MATCH(A9,Ejecutivos!$A$2:$A$100,0)),"") -> JOHANA LLANCAPICHUN | C9: 0.93181818 | D9: 0.9382716 | E9: 1 | F9: 0.91666667 | G9: 0.90740741
A10: 20828148-8 | B10: =IFERROR(INDEX(Ejecutivos!$B$2:$B$100,MATCH(A10,Ejecutivos!$A$2:$A$100,0)),"") -> TOMAS MAULEN | C10: 0.94495413 | D10: 0.95283019 | E10: 0.91666667 | F10: 0.91666667 | G10: 0.89795918
A11: 27105214-6 | B11: =IFERROR(INDEX(Ejecutivos!$B$2:$B$100,MATCH(A11,Ejecutivos!$A$2:$A$100,0)),"") -> NANCI MENDEZ | C11: 0.96753247 | D11: 0.94557823 | E11: 0.94871795 | F11: 0.91891892 | G11: 0.94094488
A12: 18123009-6 | B12: =IFERROR(INDEX(Ejecutivos!$B$2:$B$100,MATCH(A12,Ejecutivos!$A$2:$A$100,0)),"") -> MAXIMILIANO OLIVARES | C12: 0.98245614 | D12: 0.93693694 | E12: 1 | F12: 0.92592593 | G12: 0.88663968
A13: 13093458-7 | B13: =IFERROR(INDEX(Ejecutivos!$B$2:$B$100,MATCH(A13,Ejecutivos!$A$2:$A$100,0)),"") -> ALEJANDRA ORELLANA | C13: 0.93888889 | D13: 0.97674419 | E13: 1 | F13: 0.96296296 | G13: 0.84530387
... A15: 19421111-2 | B15: =IFERROR(INDEX(Ejecutivos!$B$2:$B$100,MATCH(A15,Ejecutivos!$A$2:$A$100,0)),"") -> MELISSA SALGADO | C15: 0.97619048 | D15: 0.95 | E15: 0.95454545 | F15: 0.88888889 | G15: 0.94693878
A16: 10446967-1 | B16: =IFERROR(INDEX(Ejecutivos!$B$2:$B$100,MATCH(A16,Ejecutivos!$A$2:$A$100,0)),"") -> MARIA LORETO VELASQUEZ | E16: 0.96923077 | F16: 0.95 | G16: 0.89534884

Sheet EPA_diario
A1: Fecha | B1: Rut | C1: Nombre | D1: EPA 1 SNL | E1: EPA 2 SNL | F1: EPA 1 EP | G1: EPA 2 EP | H1: Supervisor | I1: Observaciones

Sheet EPA_Historico
A1: Mes | B1: Rut | C1: Nombre | D1: EPA 1 SNL | E1: EPA 2 SNL | F1: EPA 1 EP | G1: EPA 2 EP | H1: Supervisor | I1: Observaciones

Sheet Instrucciones
A1: PROGESYS — Excel matriz
A3: 1. Esta es la ÚNICA planilla que necesitas mantener. Súbela completa cada vez a PROGESYS (botón Importar).
A4: 2. Llena primero 'Ejecutivos' — todas las demás hojas buscan el Nombre y el Supervisor automáticamente desde ahí usando el Rut. Solo escribes el Rut, el resto aparece solo.
A5: 3. 'Turno' trae los nombres enlazados a Ejecutivos; solo escribe la letra de turno (A/B/C/D/V) en cada día.
A6: 4. 'Config' trae tus metas y horarios de turno actuales — edítalos si cambian.
A7: 5. 'Asistencia' calcula automáticamente Tiempo efectivo, Minutos de atraso, Turno del día, Estado y Adherencia — solo llena las columnas amarillas (Fecha, Rut, horas, descansos, baño).
A8: 6. 'KPI_Mensual', 'Calidad', 'EPA' y 'EPA_Historico' funcionan igual: escribe el Rut y los datos propios de cada hoja; el Nombre y Supervisor se completan solos.
A9: 7. IMPORTANTE: después de llenar datos, GUARDA el archivo en Excel (Ctrl+S) antes de subirlo — así las fórmulas quedan calculadas y PROGESYS puede leer los resultados correctamente.
A10: 8. Sube este mismo archivo (con los datos nuevos agregados) a PROGESYS cada vez — el sistema fusiona automáticamente por Rut+Fecha en Asistencia, así que no se pierde el historial de meses anteriores.
